"","cell_type","spatial1","spatial2"
"AAACAAGTATCTCCCA-1","2",7475,8501
"AAACACCAATAACTGC-1","5",8553,2788
"AAACAGAGCGACTCCT-1","3",3164,7950
"AAACAGCTTTCAGAAG-1","11",6637,2099
"AAACAGGGTCTATATT-1","11",7116,2375
"AAACATGGTGAGAGGA-1","5",8913,1480
"AAACATTTCCCGGATT-1","8",8793,8156
"AAACCGGGTAGGTACC-1","3",6517,3407
"AAACCGTTCGTCCAGG-1","4",7715,4371
"AAACCTAAGCAGCCGG-1","9",9272,7193
"AAACGAAGATGGAGTA-1","5",8434,1755
"AAACGAGACGGTTGAT-1","0",5679,6917
"AAACGGGCGTACGGGT-1","8",9272,7743
"AAACGGTTGCGAACTG-1","4",9511,5541
"AAACTCGGTTCGCAAT-1","9",9392,6298
"AAACTCGTGATATAAG-1","2",4242,9258
"AAACTGCTGGCTCCAA-1","0",6877,6092
"AAACTTAATTGCACGC-1","5",9152,2306
"AAACTTGCAAACGTAT-1","5",6877,2788
"AAAGAATGTGGACTAA-1","10",9990,8707
"AAAGGCTACGGACCAT-1","10",8913,5197
"AAAGGCTCTCGCGCCG-1","1",8074,5266
"AAAGGGATGTAGCAAG-1","6",4362,5747
"AAAGTAGCATTGCTCA-1","11",7595,3338
"AAAGTGTGATTTATCT-1","0",6757,7950
"AAAGTTGACTCCCGTA-1","0",6517,8088
"AAATAACCATACGGGA-1","3",3164,7537
"AAATAAGGTAGTGCCC-1","14",5200,9395
"AAATACCTATAAGCAT-1","0",7116,6229
"AAATAGCTTAGACTTT-1","2",5799,8776
"AAATAGGGTGCTATTG-1","0",7835,6917
"AAATCCGATACACGCC-1","9",9272,7468
"AAATCGCGGAAGGAGT-1","4",8314,1824
"AAATCGTGTACCACAA-1","1",6757,5334
"AAATCTAGCCCTGCTA-1","2",7835,8432
"AAATGATTCGATCAGC-1","1",4002,9120
"AAATGGCCCGTGCCCT-1","11",7356,2650
"AAATGGTCAATGTGCC-1","7",5439,4990
"AAATTAACGGGTAGCT-1","1",5559,5472
"AAATTACACGACTCTG-1","4",3164,7399
"AAATTACCTATCGATG-1","1",4601,7950
"AAATTCCAGGTCCAAA-1","2",5679,9395
"AAATTGATAGTCCTTT-1","2",8074,3614
"AAATTTGCGGGTGTGG-1","3",7116,3751
"AACAACTGGTAGTTGC-1","3",4841,4371
"AACACACGCTCGCCGC-1","2",7595,7881
"AACACGAGACGCGGCC-1","5",6877,2925
"AACAGGATGGGCCGCG-1","3",4960,3614
"AACAGGTAGTATGGAT-1","12",7355,9258
"AACATATCAACTGGTG-1","1",4721,8294
"AACATCGATACGTCTA-1","6",3523,9258
"AACATTGTGACTCGAG-1","4",9152,5059
"AACCAAGACTTCTCTG-1","4",5799,3132
"AACCCATCCCATGATC-1","5",8194,2444
"AACCCGAGCAGAATCG-1","2",8314,9258
"AACCCTACTGTCAATA-1","0",6278,8088
"AACCGAGCTTGGTCAT-1","7",4362,6298
"AACCGCTAAGGGATGC-1","0",6996,7812
"AACCTCGCTTTAGCCC-1","9",8912,7124
"AACCTTTAAATACGGT-1","0",7954,6160
"AACCTTTACGACGTCT-1","6",3403,7812
"AACGAAAGTCGTCCCA-1","5",8434,2031
"AACGATAATGCCGTAG-1","0",7835,6505
"AACGATATGTCAACTG-1","7",4362,6711
"AACGCATGATCTGGGT-1","7",3882,8638
"AACGCGGTCTCCAGCC-1","6",4242,5954
"AACGCTGTTGCTGAAA-1","2",7954,7950
"AACGGACGTACGTATA-1","0",7475,7812
"AACGGCCATCTCCGGT-1","6",7116,4164
"AACGTACTGTGGGTAC-1","6",7236,4371
"AACGTCAGACTAGTGG-1","4",4362,4233
"AACGTCGCTGCACTTC-1","10",10230,8982
"AACGTGCGAAAGTCTC-1","0",5799,6573
"AACTACCCGTTTGTCA-1","2",7116,9258
"AACTAGGCTTGGGTGT-1","1",8074,5679
"AACTCAAGTTAATTGC-1","1",6038,4508
"AACTCCAGAGCGTGTT-1","9",8673,7812
"AACTCCTAATCCCATG-1","4",2924,7812
"AACTCTCAATAGAGCG-1","2",5679,7881
"AACTCTCAGTGTGCTC-1","4",7835,4302
"AACTGGGTCCCGACGT-1","3",3882,6023
"AACTTGCCCGTATGCA-1","4",4960,3338
"AAGACATACGTGGTTT-1","8",9631,9327
"AAGACCAAATAACTCA-1","5",8913,1893
"AAGACCCAACTGAACA-1","10",8673,5197
"AAGACTGCAAGCTACT-1","2",5799,6160
"AAGAGCTCTTTATCGG-1","0",5679,6780
"AAGAGGATGTACGCGA-1","6",6158,3476
"AAGAGGCATGGATCGC-1","0",5799,6986
"AAGAGGCCCTTTGGAA-1","8",8553,8982
"AAGATGGCACCGGACC-1","2",8553,4164
"AAGATTGGCGGAACGT-1","1",4601,7675
"AAGCACCCTGCGTATC-1","0",8553,6505
"AAGCATACTCTCCTGA-1","0",7835,6229
"AAGCCGAAGCGGTTTA-1","2",7356,8845
"AAGCGCAGGGCTTTGA-1","8",9511,6505
"AAGCGTCCCTCATCGA-1","4",8314,3889
"AAGCTAGATCGAGTAA-1","0",7475,6160
"AAGCTCGTGCCAAGTC-1","0",5679,6504
"AAGCTCTTTCATGGTG-1","0",8314,7055
"AAGGAGCGGTTGGTGC-1","6",4841,4784
"AAGGATCGATCGCTTG-1","2",6158,8982
"AAGGATGAGGGACCTC-1","1",4721,7468
"AAGGCGCGTAAAGCTT-1","4",4362,4095
"AAGGCTGTGCTCATCG-1","6",5080,4646
"AAGGGAACGACTGGCT-1","5",9032,2925
"AAGGGACAGATTCTGT-1","1",4601,7812
"AAGGGACTATGCATTC-1","5",8673,3270
"AAGGGTTTGATTTCAG-1","5",8553,1549
"AAGGTATCCTAATATA-1","7",4481,7055
"AAGGTGATAAACCAGC-1","0",6757,7812
"AAGTAGTGACGCGAGG-1","3",5439,3614
"AAGTCAATTGTCGTCA-1","2",6876,8432
"AAGTCTTCTGTGGCCT-1","5",6158,1686
"AAGTGACGACCGAATT-1","3",6398,3201
"AAGTGAGTCGGGTTTA-1","4",8913,4784
"AAGTGCCTTGACTGTA-1","12",6757,8638
"AAGTGCGTTAGAATCT-1","5",7356,3338
"AAGTGTTTGGAGACGG-1","0",7715,6986
"AAGTTCACTCCAAGCT-1","0",8314,7330
"AAGTTCAGTCTGCGTA-1","6",3643,8638
"AAGTTCGGCCAACAGG-1","6",6996,3820
"AAGTTGTGATGTTATA-1","8",9391,8776
"AAGTTTATGGGCCCAA-1","9",9631,6298
"AATAACAACGCTCGGC-1","3",5799,3545
"AATAACACTAGAACAA-1","4",7715,4095
"AATACCTGATGTGAAC-1","4",10350,8363
"AATAGAACAGAGTGGC-1","4",7715,4646
"AATAGAATCTGTTTCA-1","0",7236,7399
"AATAGCTACCGCGTGC-1","7",3763,9120
"AATAGTCCGTCCCGAC-1","1",8314,5403
"AATATCCTAGCAAACT-1","11",6996,1618
"AATATCGAATCAATGC-1","12",7356,8982
"AATATCGAGGGTTCTC-1","1",4721,8432
"AATATTGGAGTATTGA-1","4",5799,2994
"AATCATGTAAAGACTC-1","2",7954,8225
"AATCGCCTCAGCGCCA-1","0",6158,6917
"AATCGCGCAGAGGACT-1","12",6517,9326
"AATCGGTATAGCCCTC-1","8",9990,8982
"AATCGTGAGCCGAGCA-1","8",9511,7193
"AATCTAGGTTTACTTG-1","11",7715,2581
"AATCTATGCCGGAGCC-1","2",4601,9051
"AATCTCTACTGTGGTT-1","5",6038,2168
"AATCTGCGTTGGGACG-1","0",5320,7812
"AATCTGGCTTTCTAGT-1","11",7595,2512
"AATGACAGCAATGTCT-1","4",7236,3545
"AATGACGTAGGATGTC-1","0",6757,6849
"AATGACTGTCAGCCGG-1","3",4242,4715
"AATGATGATACGCTAT-1","7",4242,7881
"AATGATGCGACTCCTG-1","1",4481,8432
"AATGCAACCGGGTACC-1","6",4481,5541
"AATGCACCAAGCAATG-1","1",3763,8156
"AATGTGCCCGAGGTGT-1","11",8074,3338
"AATGTTGTCGTGAGAC-1","8",9631,8914
"AATTAAAGGTCGGCGT-1","1",6278,4921
"AATTAACGGATTTCCA-1","0",8433,6023
"AATTACGAGACCCATC-1","5",8553,1824
"AATTAGCGCTGCAGCG-1","0",7595,5816
"AATTCATAAGGGATCT-1","1",4242,7743
"AATTCATTGTCATGCA-1","5",9032,2099
"AATTCCAAGCATGTAC-1","4",9392,5472
"AATTCGATTCGAGGAT-1","8",9392,6711
"AATTCTAGAGTTAGGC-1","0",7356,5816
"AATTGAACGCTCTGGT-1","0",6877,7193
"AATTGCAGCAATCGAC-1","8",9152,8501
"AATTTGGGACATAGTA-1","3",3044,7743
"ACAAACCATGCGTCCT-1","5",9152,2581
"ACAAAGAAGGTAGGCC-1","11",6996,1755
"ACAAAGCATGACCTAG-1","8",9032,8156
"ACAAATCGCACCGAAT-1","0",7475,7124
"ACAAATGGTAGTGTTT-1","0",6757,7262
"ACAACAGCATGAGCTA-1","1",5320,6436
"ACAAGCAGTGCCTAGC-1","4",5080,3269
"ACAAGGAAATCCGCCC-1","0",7356,6642
"ACAAGGACAAGAGGTT-1","3",4960,4027
"ACAAGGATGCTTTAGG-1","9",8793,7468
"ACAAGGGCAGGCTCTG-1","0",6757,6711
"ACAATAGTCGTACGTT-1","5",6517,2857
"ACAATCCATTTAAACC-1","6",5799,3682
"ACAATGAATACGGAGA-1","5",8314,3614
"ACAATTGTGTCTCTTT-1","2",7595,8156
"ACAATTTGAGCAGTGG-1","1",4841,7124
"ACACAAAGACGGGTGG-1","3",4362,5334
"ACACACCAGGACCAGT-1","0",6757,7675
"ACACATGATCAAATCT-1","5",8673,2581
"ACACCCAGCATGCAGC-1","6",4362,4921
"ACACCTTAAGTAGGGC-1","3",4481,4440
"ACACCTTACTACTTGC-1","12",6397,9120
"ACACGAGACTCCTTCT-1","1",5200,6367
"ACACGGGAACTTAGGG-1","7",4721,6367
"ACACGTAGGCCACAAG-1","2",8433,9051
"ACACTGATCAAGGTGT-1","4",7715,4784
"ACAGAACTGAGAACAA-1","11",7715,3132
"ACAGCGACATTCTCAT-1","2",8553,8294
"ACAGGCACGGATCCTT-1","10",9751,8019
"ACAGGCTTGCCCGACT-1","0",7835,7468
"ACAGGTGGAGGTGAGG-1","4",7595,4164
"ACAGTAATACAACTTG-1","11",6996,2444
"ACATAAGTCGTGGTGA-1","5",8553,2099
"ACATAATAAGGCGGTG-1","3",4002,5816
"ACATCCCGGCCATACG-1","1",8074,5403
"ACATCCTGGTAACTGT-1","2",6517,8501
"ACATCGATCGTTTACC-1","0",6517,5747
"ACATCGGTCAGCCGCG-1","7",6398,4027
"ACATCGTATGCAATGG-1","0",6877,7055
"ACATGGCGCCAAAGTA-1","2",6278,8638
"ACATTAGTTTATATCC-1","0",7595,5679
"ACATTTGAAACCTAAC-1","10",10230,8294
"ACCAAACACCCAGCGA-1","1",3523,9395
"ACCAACACCACACACT-1","7",3882,9051
"ACCAACCGCACTCCAC-1","8",9272,8156
"ACCAACGCTTATTTAT-1","4",7835,4853
"ACCAAGTCATCGGCAG-1","8",9871,8776
"ACCAATATGCAAGTTA-1","0",8194,6849
"ACCACAAGTTTCTATC-1","7",5080,5197
"ACCACCAATGTAACAA-1","2",6397,8845
"ACCACGTGCAGCTATA-1","0",7236,6711
"ACCAGACCATAACAAC-1","4",6038,1755
"ACCAGTGCGGGAGACG-1","0",7236,7950
"ACCATATCCGCAATAA-1","1",6038,5334
"ACCATCCGCCAACTAG-1","11",6757,2306
"ACCATCGTATATGGTA-1","7",6517,4371
"ACCCAACGCCCGTGGC-1","1",5080,7399
"ACCCATCTTGAGGGTA-1","6",5919,4027
"ACCCATTTGTCCCTCT-1","8",8673,8363
"ACCCGGAAACTCCCAG-1","0",8314,5954
"ACCCGGATGACGCATC-1","0",6038,8363
"ACCCGGTTACACTTCC-1","1",6517,4784
"ACCCGTGTCATCAGTA-1","10",8433,5197
"ACCCTATGCCATATCG-1","10",8194,4233
"ACCCTCCCGTCAGGGC-1","8",9751,8294
"ACCCTCCCTTGCTATT-1","0",7236,7262
"ACCCTGGTAACGCCCT-1","1",4002,9395
"ACCGAAGAGTCTGGTT-1","5",8314,2237
"ACCGACACATCTCCCA-1","8",8793,6092
"ACCGACTGAGTCCCAC-1","1",4841,6023
"ACCGAGTCTCCTTATT-1","9",9990,6918
"ACCGATGGTAGCATCG-1","0",5799,7812
"ACCGCAATAACTGCCT-1","0",7595,6917
"ACCGCGGTGGAAGTCG-1","12",6757,8776
"ACCGGGCCTTTGTTGA-1","2",6996,8225
"ACCGGTCAGGTACACC-1","5",8553,2512
"ACCGTCCACTGGGCCC-1","5",9032,1824
"ACCTAAGTACCTTTCA-1","4",7475,3545
"ACCTAATCGACTTCCT-1","3",5320,3545
"ACCTACAGTATGTGGT-1","12",6397,9258
"ACCTACTATAAATCTA-1","4",9631,5472
"ACCTCCGCCCTCGCTG-1","2",8074,8845
"ACCTCCGTTATTCACC-1","2",5559,9189
"ACCTGCGTGTCATGTT-1","5",6996,2719
"ACGAAATGGGCGGCAC-1","4",5320,3132
"ACGACTCTAGGGCCGA-1","10",9990,7881
"ACGAGGATACCACTCT-1","11",7475,2719
"ACGAGGTTTACAACGT-1","5",8314,2375
"ACGAGTACGGATGCCC-1","2",4840,8638
"ACGATACATAGAACTA-1","6",4122,6986
"ACGATCATACATAGAG-1","6",4481,5816
"ACGATCATCTTGTAAA-1","13",5799,8500
"ACGATGCATATGTTAT-1","1",5919,4440
"ACGCAAACTAATAGAT-1","2",9032,4715
"ACGCAATCACTACAGC-1","2",4481,8982
"ACGCATACGTTTACTA-1","2",8194,8501
"ACGCATTCGTGAGTAC-1","1",5439,5678
"ACGCCAGATGATTTCT-1","3",3523,6504
"ACGCCAGTGCGTTTGC-1","10",10110,8501
"ACGCCGCTAGACGACC-1","0",6637,6367
"ACGCGAAGTCAGACGA-1","1",7356,5541
"ACGCGCTACACAGGGT-1","6",6398,3614
"ACGCGGGCCAAGGACA-1","1",5559,5747
"ACGCTAGTGATACACT-1","2",4841,8363
"ACGCTGTGAGGCGTAG-1","5",6158,2375
"ACGGAACACGAGTGCC-1","10",10230,8432
"ACGGACTCTCAAAGCG-1","0",8793,6642
"ACGGAGCGCAAATTAC-1","7",3643,8913
"ACGGATGGTGCGGATA-1","0",8314,6918
"ACGGCACTTGCTTGGG-1","1",7715,5610
"ACGGCCAACATGGACT-1","7",7835,5266
"ACGGCGACGATGGGAA-1","0",7356,6780
"ACGGCTGGATGTAGAA-1","5",8793,2237
"ACGGGAGTGTCGGCCC-1","5",7116,3201
"ACGGTACAGTTCAATG-1","10",9990,8156
"ACGTAGATTGCTGATG-1","1",5439,6091
"ACGTAGGAGAGTCGCT-1","9",9871,6436
"ACGTATTACTCCGATC-1","0",6397,8156
"ACGTCTCGTTCCGGGA-1","11",6757,1893
"ACGTGACAAAGTAAGT-1","11",7715,1755
"ACGTGCGCCTCGTGCA-1","4",3523,5816
"ACGTTAATGTCGAAGA-1","0",6397,6229
"ACGTTAGATTTGCCCG-1","7",6158,4164
"ACGTTCGCAATCAATT-1","14",5439,9258
"ACGTTCGTTCAGGAAA-1","4",8673,4509
"ACGTTCTGTACAAGTC-1","8",9272,8019
"ACTACATCCCGACAAG-1","5",9032,2650
"ACTACCAGCTCTCTGG-1","3",4481,4302
"ACTACGCGTTAGAATT-1","10",8673,5334
"ACTAGTTGCGATCGTC-1","2",7475,8638
"ACTATATGCTGTGTTC-1","3",3044,8707
"ACTATCCAGGGCATGG-1","2",6038,8913
"ACTATCTGCCCGCGTA-1","2",7835,9258
"ACTATTTCCGGGCCCA-1","2",8553,4302
"ACTCAAGTGCAAGGCT-1","9",8673,7399
"ACTCAATAAAGGCACG-1","7",4481,6229
"ACTCCCATTCCTAAAG-1","5",7116,2650
"ACTCCCGAATTCGTTT-1","13",5320,8638
"ACTCCCTAATGCTAAA-1","0",8314,6229
"ACTCCCTAGAATAGTA-1","0",7236,6298
"ACTCCGGCCGACCACT-1","10",9871,7675
"ACTCGCCGTTCGATAA-1","8",9511,9120
"ACTCGTAACCCGTCCT-1","5",7356,3063
"ACTCGTCAGTAATCCC-1","0",5799,6849
"ACTCTCTGACTTAGGT-1","0",6517,6849
"ACTCTGACCTAATAGA-1","8",9751,8156
"ACTCTTGTATAGTAAC-1","2",5799,6298
"ACTGAAACGCCGTTAG-1","0",8314,7881
"ACTGAATGGCGAAAGT-1","0",7116,7193
"ACTGCCGTCGTAACTC-1","4",3403,6298
"ACTGCTCGGAAGGATG-1","11",7835,2099
"ACTGTACGATACACAT-1","1",5080,6849
"ACTGTAGCACTTTGGA-1","3",4721,4164
"ACTGTCCAGGATTATA-1","7",5439,5266
"ACTGTCTTCTTTAGAA-1","7",5080,5885
"ACTTACGCATCCACGC-1","9",8433,6849
"ACTTATACTTACCCGG-1","0",5799,7675
"ACTTATTAGGATCGGT-1","1",6038,5059
"ACTTATTTATGTGCCA-1","0",6996,7675
"ACTTCAGGCTGATCCC-1","0",7595,7055
"ACTTCCAGTGGAAGCT-1","5",8314,1686
"ACTTCCATGCGGGACA-1","9",8793,7331
"ACTTCGCCATACGCAC-1","7",4721,6642
"ACTTGACTCCCTCTTT-1","0",6517,6436
"ACTTGGGACCCGGTGG-1","6",4960,4853
"ACTTGTAGTCCCTTCA-1","11",6757,2168
"ACTTGTGGATGGAACG-1","2",7715,8914
"ACTTTACCCTCATGAA-1","13",5320,8776
"ACTTTCCTATAGCTTC-1","7",4841,5747
"ACTTTGACTGCATCCT-1","5",6158,2237
"ACTTTGGTCGTGCTCC-1","5",8793,2375
"AGAACCCTCAATTGGG-1","5",8793,2099
"AGAACGTGGTACATTC-1","7",4721,6504
"AGAAGAGCGCCGTTCC-1","9",6038,7537
"AGAAGGTACACTTCAC-1","11",7715,2444
"AGAAGGTTGCCGAATT-1","7",6517,4508
"AGAAGGTTGTAGGTCG-1","9",9152,6849
"AGAAGTGATTCGTGAT-1","5",7236,3407
"AGAATGCGGGTTCGGA-1","3",2924,8913
"AGAATTATGGATTCGA-1","0",5320,8225
"AGACCAAACCACACCT-1","11",7595,2099
"AGACCCACCGCTGATC-1","0",7356,5954
"AGACCCGCCCTCCTCG-1","6",4601,5334
"AGACCGCTCCGCGGTT-1","2",7595,9120
"AGACCGGGAAACCCTG-1","5",6398,2650
"AGACGAAGTGCCGGTC-1","2",7356,8156
"AGACGACGATGCCGCT-1","4",7835,3751
"AGACTAGCCTTCCAGA-1","6",4841,4646
"AGAGAACCGTCTAGGA-1","1",4601,7537
"AGAGAAGGAGTACAAT-1","2",8434,3820
"AGAGATCTCTAAAGCG-1","5",6278,2719
"AGAGCCGCCGAGATTT-1","2",8433,9189
"AGAGGCTTCGGAAACC-1","2",7595,8432
"AGAGTAAACTTCACTA-1","2",7236,8776
"AGATAACTTCAGGGCC-1","7",5320,4508
"AGATACCAATAGAACC-1","8",9152,9051
"AGATACCGGTGTTCAC-1","7",6278,4095
"AGATACTCAAGATCGA-1","0",6996,7124
"AGATATAATACGACTA-1","8",9152,6436
"AGATCGTGCATAAGAT-1","7",4002,8156
"AGATCTCAGGTGTGAT-1","1",4960,6642
"AGATGACTCGCCCACG-1","3",4002,5265
"AGATGAGGGTTGCGAT-1","3",3164,8225
"AGATGATGGAGTCTGG-1","13",5559,8776
"AGATGCAAGACGTGCA-1","5",8434,3132
"AGATGCATCCTGTGTC-1","11",7236,1893
"AGATTATAGGACGTTT-1","1",5799,5197
"AGATTCACAACCGATA-1","11",7835,2375
"AGCAAAGGCCGCTAGT-1","9",8673,6436
"AGCAACATATCTTATT-1","0",6397,7881
"AGCAACCGAAAGTAAT-1","5",8194,2857
"AGCACCAGTACTCACG-1","7",4721,5954
"AGCACTACCTCACCAG-1","0",7835,7055
"AGCACTTAAGGACGCC-1","3",5200,3889
"AGCAGAAGGAGAAAGA-1","10",9152,6160
"AGCAGCCAGATGAATA-1","1",8194,5472
"AGCATATCAATATGCT-1","2",7595,8019
"AGCATCATTTCGAAAG-1","11",7835,2788
"AGCATCGTCGATAATT-1","3",4122,5059
"AGCATTACGAGGCAAG-1","8",9511,8707
"AGCCAAGCTTTGTGTC-1","10",9152,5472
"AGCCACAGGTTACCCG-1","2",9032,7606
"AGCCACTCCCGTGCTT-1","7",4242,7055
"AGCCCATACATGTAAG-1","3",6517,3270
"AGCCCGCACTACAATG-1","10",10230,9120
"AGCCCGGTAGCCTGTA-1","4",8793,4853
"AGCCCTTCTAATCCGA-1","6",3523,8569
"AGCCGTGGCTAAATGT-1","11",7475,2994
"AGCCTAATACCCACGT-1","11",7475,2444
"AGCGACAGGAACGGTC-1","4",7595,4027
"AGCGACCAACGATATT-1","6",4481,5265
"AGCGATGCGCCTAATA-1","8",9152,8914
"AGCGCATAATGAATCG-1","1",8314,5266
"AGCGCGGGTGCCAATG-1","7",4361,7812
"AGCGGACACTTCGTAG-1","10",8913,5747
"AGCGGCGGTTAGCGGT-1","11",7475,2306
"AGCGGGTCTGACACTC-1","10",9392,6023
"AGCGTGGTATTCTACT-1","0",6877,6367
"AGCTAAGTACGCAGGC-1","9",9152,7399
"AGCTAGAAGCAGAAGT-1","7",4002,8294
"AGCTATTTAATCCAAC-1","4",3403,6573
"AGCTCCATATATGTTC-1","2",8314,8982
"AGCTCCTTCGCACATC-1","0",7715,7399
"AGCTCTAGACGTTCCA-1","0",6038,6711
"AGCTCTTCCCAGTGCA-1","6",3643,7537
"AGCTCTTCGTAACCTT-1","2",6158,8845
"AGCTCTTTACTCAGTT-1","1",6398,4577
"AGCTGAAGTAAACCAA-1","6",3882,7262
"AGCTGTAACCTCAATC-1","11",7955,3407
"AGCTTCTTCTCGAGCA-1","8",9631,8363
"AGCTTGATCTTAACTT-1","4",6398,3063
"AGGAAGCTGTCCGCCG-1","10",8793,5954
"AGGACAGTCGAATCCC-1","0",6637,7330
"AGGACGACCCATTAGA-1","7",6637,4577
"AGGACGCTCGATGTTG-1","6",3643,8225
"AGGAGGCCTTCGCGCG-1","2",7715,8225
"AGGATAAAGTCGGGAT-1","0",7835,5954
"AGGATATAGGGATTTA-1","0",6996,8088
"AGGATATCCGACTGCA-1","10",9990,8019
"AGGATCACGCGATCTG-1","11",7236,2581
"AGGCAGATGCGTAAAC-1","1",4601,7399
"AGGCAGGGAGCGTACT-1","10",8553,4853
"AGGCATTGTCGTAGGG-1","2",7356,8294
"AGGCCACCCGTTATGA-1","3",4841,4095
"AGGCCCTAGAACGCCA-1","4",6877,3201
"AGGCCTGAGAATCTCG-1","2",8912,7537
"AGGCGGTTTGTCCCGC-1","5",8553,2650
"AGGCGTCTATGGACGG-1","6",3403,9189
"AGGCTTCCCGAAGAAG-1","3",7475,4371
"AGGGAAACGAGGTACT-1","4",3044,7606
"AGGGACCGGCTGCGTT-1","2",5799,9051
"AGGGACTCTACGCGAC-1","1",8074,5128
"AGGGAGACATACTTCG-1","14",4960,9258
"AGGGCGAGCAGCTGAT-1","5",6757,2857
"AGGGCTGCAGTTACAG-1","1",5679,5954
"AGGGTCAGTAACCCTA-1","3",3284,9258
"AGGGTCGATGCGAACT-1","0",5918,8156
"AGGGTGCTCTCGAGGG-1","0",5559,7812
"AGGGTTCCCTTTGGTT-1","1",5080,7537
"AGGGTTTAGTTCGGGA-1","1",5439,5816
"AGGTAGGTACAAAGCT-1","6",5679,3614
"AGGTATAATTGATAGT-1","2",5679,8982
"AGGTCAGGTGAGAGTG-1","5",6996,2857
"AGGTCGCGGAGTTACT-1","1",4601,8638
"AGGTGCACGTCCACAT-1","8",9871,8638
"AGGTGGTGACCTTCGC-1","4",9152,5334
"AGGTTACACCATGCCG-1","12",6637,9395
"AGGTTGAGGCACGCTT-1","6",4122,6573
"AGGTTTCACACACCTT-1","0",6397,6091
"AGTAACTATAGCAGCC-1","8",9990,8845
"AGTACAGAAGCTTATA-1","9",9990,6780
"AGTACATCATTTATCA-1","14",4960,8982
"AGTACGGGCACCTGGC-1","7",4481,6917
"AGTACTCTTATGCCCA-1","0",8194,7537
"AGTAGGAAGGAAGTTG-1","6",3403,8225
"AGTATGCTGGAGACCA-1","5",8434,3270
"AGTATTTGGCACGACC-1","10",8434,5059
"AGTCAACACCACCATC-1","1",6398,4715
"AGTCAAGATGACACTT-1","0",7236,7675
"AGTCACTAGCTCTCGA-1","2",8074,8294
"AGTCCATTGGCTGATG-1","2",6517,8363
"AGTCCCGCCTTTAATT-1","6",3523,7881
"AGTCGACGGTCTCAAG-1","0",6038,7675
"AGTCGGCCCAAACGAC-1","4",4481,4164
"AGTCGGCTCAACTTTA-1","5",7116,3063
"AGTCGGTTGCGTGAGA-1","12",6278,9189
"AGTCGTATAAAGCAGA-1","9",9272,7055
"AGTCGTCGACCACCAA-1","0",8314,7743
"AGTCGTGGGCATTACG-1","4",7595,3476
"AGTCTAAAGTATACTC-1","14",4960,9120
"AGTCTCACAAGACTAC-1","4",7955,3545
"AGTCTTCTCCTCAAAT-1","6",4362,6023
"AGTCTTTAAAGTGTCC-1","2",9511,6780
"AGTGAACAAACTTCTC-1","2",6757,8501
"AGTGACCTACTTTACG-1","1",6757,5059
"AGTGAGACTTCCAGTA-1","0",5679,7468
"AGTGAGCCTCGCCGCC-1","13",4960,8569
"AGTGAGTCGAATTAAC-1","8",9511,8982
"AGTGATAACCTGCGCG-1","9",8553,7606
"AGTGATATGAGTAGTT-1","1",6877,4853
"AGTGATTCAAGCAGGA-1","0",5439,7468
"AGTGCACGCTTAAGAA-1","2",7715,8088
"AGTGCGTAGCTCGTAA-1","7",6996,4371
"AGTGCTAAACACAGCA-1","9",8793,7743
"AGTGCTTGCACGAATA-1","0",6397,7606
"AGTGGCCCGCAAATGG-1","10",10230,8019
"AGTGGCGGCAATTTGA-1","1",4361,7950
"AGTGGCGTCTGAAGGT-1","9",8912,7399
"AGTGGCTCCGTCGGCC-1","5",6278,2306
"AGTGGTGTTACCCGTG-1","11",7116,2099
"AGTGTATTGCGCATTG-1","6",3523,8019
"AGTTAAACACTTGCGA-1","7",6278,4508
"AGTTAAGCGGTCCCGG-1","3",3403,6986
"AGTTAAGTCAACCGCT-1","11",7595,3201
"AGTTACTCTATCGTGG-1","3",3284,7606
"AGTTCCTACAGAATTA-1","7",5080,4921
"AGTTCCTATTTATGTT-1","0",6637,5954
"AGTTGACGGTCCTTGC-1","10",9272,5816
"AGTTGGCAAGGCTAGA-1","8",9631,8776
"AGTTTGCACCTGCCTC-1","9",8433,6573
"AGTTTGGCACGGGTTG-1","2",7236,8501
"AGTTTGGCCAGACCTA-1","4",7116,3614
"ATAAACGGACCCGTAA-1","0",7116,5679
"ATAAACGTTGCACCAC-1","2",8314,8845
"ATAAAGGCTCGGTCGT-1","7",5559,4921
"ATAAATATTAGCAGCT-1","3",6038,3407
"ATAACGCCGGAGGGTC-1","0",5679,7055
"ATAACGGAGTCCAACG-1","1",4481,6642
"ATAACGTTACCTCCAC-1","4",2685,9326
"ATAAGGTGGAGAACAT-1","0",7475,6436
"ATAAGTAGGATTCAGA-1","2",4721,8569
"ATAAGTAGGGCGACTC-1","2",5799,8913
"ATAAGTTACCGCGACG-1","7",6996,5059
"ATAATAGCTGTTGAAT-1","0",7116,5816
"ATAATCTTGGAGAACC-1","9",8793,6780
"ATAATTAGCTAAGTAG-1","10",9152,5885
"ATACAGGCCCTCCAAT-1","0",8194,6436
"ATACCACGGGCAACTT-1","3",5679,3476
"ATACCGTCATCCATAA-1","3",3284,9395
"ATACCTAACCAAGAAA-1","9",8433,5885
"ATACGCCGGCGAAACC-1","0",6278,6849
"ATACGGAACGTCGTTT-1","5",8194,2994
"ATACGGGTTTCGATTG-1","6",4122,7124
"ATACGTACTTAGCCAC-1","0",8074,6780
"ATACGTCCACTCCTGT-1","2",7116,7881
"ATACGTTATGCACGGA-1","10",9032,5816
"ATACTACCCGTACCAC-1","2",8553,8707
"ATACTAGCATGACCCT-1","3",4002,5678
"ATACTGCCTTACACCG-1","9",8433,7262
"ATAGACAACGGGACCT-1","1",4841,7812
"ATAGACGAAGAGAAAG-1","1",5439,4577
"ATAGAGTACTGGGACA-1","3",4601,4784
"ATAGAGTTATCAACTT-1","1",4721,7881
"ATAGCAACTAGGGAAG-1","8",8912,8225
"ATAGCCATAACAGTCA-1","10",10110,9327
"ATAGGCGGCTATAGAA-1","6",6637,3751
"ATAGGCTAGCTTCGCA-1","1",4481,8156
"ATAGGGATATCCTTGA-1","6",4002,6367
"ATAGGTTGGGCAGATG-1","7",4841,5885
"ATAGTGAAGCGTTCTC-1","2",6398,5403
"ATAGTTCCACCCACTC-1","0",6038,8501
"ATATAAAGCGCTCGTG-1","0",8433,6160
"ATATAAATGTAGCTGC-1","0",7954,6573
"ATATAACACGGGCGCA-1","8",9392,7950
"ATATACATGTATGGTA-1","11",7356,1549
"ATATACGCTCGTGACG-1","8",8912,8914
"ATATAGAGTATTGGTC-1","5",9032,2237
"ATATCAACCTACAGAG-1","13",5918,8707
"ATATCAATTCCAGCCT-1","5",8194,1893
"ATATCGGTAGGGAGAT-1","2",6038,9051
"ATATCGTTCCTCGAAC-1","2",8433,7812
"ATATCTCCCTCGTTAA-1","6",3763,7468
"ATATCTTAGGGCCTTC-1","1",5679,5678
"ATATGTCTCCCTAGCC-1","0",5679,8156
"ATATTCAGTTAAACCT-1","1",6757,4233
"ATATTCCACATAGTGA-1","0",7595,6780
"ATATTTAACCCTCAAG-1","1",5200,5266
"ATCAAACACTGTTCCA-1","12",7116,8845
"ATCAAACGAAGGTTTG-1","4",7356,3751
"ATCAATCTGGGCTGCA-1","1",5439,5954
"ATCAATGCCGTGGCTG-1","5",8793,2788
"ATCACATTAGAATATC-1","6",3882,7124
"ATCACGTGCTAATTAA-1","6",6996,3958
"ATCACTTCATCCTCGC-1","3",4002,6091
"ATCAGACGGCACGCCG-1","7",6757,4371
"ATCAGCCTCATGCTGC-1","0",8314,7468
"ATCAGCTCGTCCACTA-1","11",7356,2512
"ATCAGTAGGCAGGGAT-1","7",4242,7468
"ATCATAGCCCTATGTA-1","8",8912,8776
"ATCATCCAATATTTGT-1","2",6158,5541
"ATCATTGTACCGCATT-1","5",9032,1549
"ATCCAACGCAGTCATA-1","4",4481,4027
"ATCCAATGGAGGGTCC-1","3",6637,3338
"ATCCACATCGACAGAA-1","9",8913,6436
"ATCCAGAGCAACAACC-1","7",7475,5059
"ATCCAGGATTCGTGAA-1","1",6278,4646
"ATCCCATCCACAGCGC-1","5",8913,2444
"ATCCTACCTAAGCTCT-1","7",6757,4784
"ATCCTGAATCGCTGCG-1","3",6038,3269
"ATCCTGCGTGGAATGG-1","7",6877,4715
"ATCGACCCAATACAGA-1","0",6637,5816
"ATCGACTCTTTCCGTT-1","6",4242,5678
"ATCGCACGCCGGGAGA-1","6",4481,5403
"ATCGCCAGTCAACATT-1","2",6876,8707
"ATCGCTGCGTGCAGCA-1","1",4242,9120
"ATCGGAGACAGACGGC-1","0",7715,6711
"ATCGGCAAGCAGTCCA-1","7",3882,8087
"ATCGTTAGCTAGCGGA-1","2",8433,8225
"ATCTAATATCCTACGG-1","0",8074,6092
"ATCTACCATCTGCTCC-1","10",9871,7537
"ATCTAGCTTGTGAGGG-1","9",9511,5954
"ATCTCCCACGGAATAT-1","8",8673,8914
"ATCTCCCTGCAATCTA-1","4",3403,6436
"ATCTGCACCTCTGCGA-1","2",4960,8432
"ATCTGCTGTTATCGCC-1","2",9511,5403
"ATCTGGGCTGTTCTTG-1","9",8793,6229
"ATCTGGTTAAGACTGT-1","7",4601,6711
"ATCTTATCGCACACCC-1","8",9152,8638
"ATCTTGACCTGCAACG-1","3",4601,4508
"ATCTTGACTTGTCCAA-1","14",5080,8913
"ATGAAGCCAAGGAGCC-1","4",4122,4646
"ATGACGCGTTCTATCC-1","4",7715,3545
"ATGACTATGCGACATT-1","0",7236,7537
"ATGAGGAGTGTTAATC-1","4",4481,3889
"ATGATGCAATGGTACA-1","1",6757,4921
"ATGCACGCGCTGTTCA-1","5",8553,2237
"ATGCACTACCGCATTG-1","3",4721,4577
"ATGCATGATCCAGGAT-1","7",4481,5954
"ATGCCAATCGCTCTGC-1","3",3284,8707
"ATGCCATTTGCGACCA-1","0",6637,7743
"ATGCCGGTCTTGCATA-1","1",5200,6642
"ATGCCGGTTGATGGGA-1","3",3763,7193
"ATGCGACAATTGGTCC-1","3",3044,8982
"ATGCGACAGTCCCATT-1","2",5679,6367
"ATGCGAGTCCCACCAC-1","2",7236,8638
"ATGCTCTGGCGCGGTA-1","9",8673,6711
"ATGCTTAGGAGTTGAT-1","2",8194,9189
"ATGGAAATTTAAGGAG-1","11",7835,1962
"ATGGAGCAGGCCGTGA-1","2",5799,6023
"ATGGATCCGGCGTCCG-1","3",3763,6917
"ATGGATTGACCAAACG-1","1",4721,5678
"ATGGCAGCATTACGAT-1","4",9152,2719
"ATGGGCCTCGGCCTCT-1","0",6876,7743
"ATGGTCGCGTGGTTTC-1","0",6877,7330
"ATGTAAGGCTGCTCTT-1","14",5320,9189
"ATGTACATGCGGTGAG-1","8",9152,9189
"ATGTACGATGACGTCG-1","10",9392,5885
"ATGTAGCGCGCGTAGG-1","9",9631,6436
"ATGTGAAAGCCTAATG-1","5",6996,2994
"ATGTGCATCCGACGCA-1","6",4242,5403
"ATGTGGACATCTTGAT-1","0",7116,6367
"ATGTTGATTAGAGACT-1","8",9631,7812
"ATTAAACATGCGGACC-1","0",6637,5541
"ATTAATACTACGCGGG-1","3",4122,6023
"ATTAATGAACCAGTCG-1","7",4242,6917
"ATTACATGTCAGTCTT-1","2",7475,8914
"ATTACGCGCTGGCAGG-1","6",6278,3545
"ATTACTTACTGGGCAT-1","1",4122,8363
"ATTAGATTCCTCAGCA-1","1",4481,8707
"ATTAGGCGATGCTTTC-1","0",5918,6367
"ATTATACTTTGCTCGT-1","3",3643,6849
"ATTATAGCTACTTTAC-1","14",5439,9395
"ATTATGCCATAGGGAG-1","3",4002,5128
"ATTATTATGTCCGTCA-1","2",8553,4027
"ATTATTCAGAGTCACT-1","8",9511,8156
"ATTCAACCATTTAAGG-1","2",8433,8363
"ATTCACTGATGTTGGA-1","0",8194,6160
"ATTCAGGACCTATTTC-1","7",3882,8225
"ATTCATATACTGTCCA-1","0",6996,5610
"ATTCATCGTTGAGGCA-1","0",8793,7606
"ATTCCCGAAGGTACAG-1","5",8673,1480
"ATTCCTAAGACGTGGA-1","3",3284,8845
"ATTCGACGCCGGGCCT-1","3",5799,3269
"ATTCGCGCCTTGAGAG-1","8",9272,8845
"ATTCGTGCTATCTCTT-1","12",6517,9051
"ATTGAAGATCTTAGTG-1","7",5200,4853
"ATTGACCGGCGATGAC-1","1",3882,9326
"ATTGATCACCACATTT-1","11",7715,2031
"ATTGATGAGTCCTAAC-1","0",5439,8294
"ATTGCCTTTATGTTTG-1","9",9152,7262
"ATTGCGATCAGTAACT-1","2",7595,8294
"ATTGCTGCTCCTCCAT-1","7",5679,4440
"ATTGGATTACAGCGTA-1","2",7954,8501
"ATTGGTTGTGCATTAC-1","10",10110,8776
"ATTGTACAACTCGGCT-1","13",5679,8569
"ATTGTCGCAATACCTT-1","3",3284,7330
"ATTGTGACTTCGCTGC-1","4",2805,8982
"ATTTACAGTTTACTGG-1","6",5080,4095
"ATTTACTAAGTCCATT-1","14",5200,9120
"ATTTCCGGGTTCTGCG-1","4",8074,3889
"ATTTGCGCGAGTAGCT-1","4",7835,3614
"ATTTGGAGATTGCGGT-1","5",8434,1480
"ATTTGTCTTGGGAGCT-1","0",6278,7262
"ATTTGTTCCAGGGCTC-1","3",3763,6367
"CAAACCCTCCGGCGGG-1","9",9871,6298
"CAAACGAGTATCGCAG-1","7",7116,4715
"CAAACGGTCGCACTTT-1","6",5080,4233
"CAAACTCGCGACGCCG-1","12",6876,9120
"CAAAGATTATTGGGCC-1","5",8194,3545
"CAAATCTCTCACAAGG-1","4",6757,3132
"CAAATGTCCTTCCGTG-1","1",6877,5128
"CAACCTACCGAGCAGT-1","8",8793,8569
"CAACGACCCGTTTACA-1","4",3883,4921
"CAACGTGGTGGAGTCT-1","2",8074,9258
"CAACTATATCGAATGC-1","4",3284,6917
"CAACTGCTCATCCGAT-1","10",8553,5266
"CAAGAGGGCGGAGTAC-1","0",6996,6573
"CAAGATATTATAACGT-1","0",6876,7606
"CAAGCAACGTCGGAGT-1","6",5320,4095
"CAAGCACCAAATGCCT-1","3",3643,6023
"CAAGCGGCACATAATT-1","0",7954,6436
"CAAGGATCGCATGTTC-1","0",6278,6160
"CAAGGCCAGTGGTGCA-1","8",9391,8363
"CAAGGTCCTATAGGCT-1","2",5559,9051
"CAAGTGTGGTTGCAAA-1","0",6278,7950
"CAATAAACCTTGGCCC-1","7",4601,6573
"CAATACGCTCTGAGGC-1","5",6278,2168
"CAATATTCTTGACCTA-1","10",7954,4233
"CAATCCCTATACCAGC-1","4",2924,7537
"CAATGCGAGAAGTATC-1","0",7954,7124
"CAATGGATCTCTACCA-1","1",4841,7399
"CAATGTGCCAACCCTT-1","2",5918,9395
"CAATTAAGGGTGATGA-1","7",4960,5954
"CAATTGGGCCGCACTC-1","4",8194,1755
"CAATTTCGTATAAGGG-1","2",5918,5816
"CACAAGAAAGATATTA-1","3",3164,9189
"CACAATGAGCTGCTAT-1","1",6517,4921
"CACACACGCTAACGAG-1","2",8074,8569
"CACACGCGCTGTCTTA-1","0",5439,7606
"CACAGCACCCACGGCA-1","7",5200,5541
"CACAGCTAGGGAGTGA-1","3",3882,5610
"CACAGGGCCATATAGT-1","2",8314,8156
"CACAGGGCCGTTGTCA-1","10",8913,5610
"CACAGTCCCGCTTCGC-1","8",8673,9189
"CACAGTTCGCTTCCCA-1","2",7954,9327
"CACATATTAGCAGGAT-1","0",7116,6504
"CACATCTCACCGACGA-1","9",8314,6642
"CACATGATTCAGCAAC-1","2",6038,5885
"CACATTCTTTCGATGG-1","6",3643,7674
"CACATTTCTTGTCAGA-1","12",6757,8914
"CACCAATCATCCGTCT-1","5",7955,1755
"CACCACGCCACACAGA-1","5",6278,2031
"CACCAGTCAGCATGCA-1","5",8673,2994
"CACCATGATCGCAAAG-1","3",2924,9326
"CACCCAAATCTTATGT-1","13",5679,8707
"CACCCACGAGGCAATT-1","6",3882,7399
"CACCCGGTTTGTGACT-1","4",7835,4164
"CACCCTAACAAGATCT-1","9",8194,6986
"CACCCTTGGTGAGACC-1","11",7475,2581
"CACCGCCAGAAGGTTT-1","7",4721,5541
"CACCGCGTCCACTCTA-1","6",3403,8638
"CACCGGGCATCACAAG-1","10",10110,7950
"CACCGTATCCCATCCG-1","2",7715,8638
"CACCGTTAGGGATCAC-1","4",7835,4027
"CACCGTTGCGCGATAT-1","4",7116,3476
"CACCTAATCAGTTTAC-1","3",3882,6436
"CACCTCGATGGTGGAC-1","3",3643,6298
"CACCTTGCGAAACTCG-1","1",4361,7262
"CACCTTGGCGCCTTTG-1","2",6637,8569
"CACGAAAGTTAGTCCC-1","3",5439,3476
"CACGCACAGCGCAGCT-1","7",4362,6436
"CACGCAGCGAGGCTTT-1","6",5200,4440
"CACGCGGAACTGTTGC-1","2",6517,8225
"CACGGCGCGCCAAAGG-1","3",3284,8569
"CACGTCGGCAACCTCT-1","3",7356,4027
"CACGTTCGTGCTCTAG-1","0",5918,7055
"CACGTTTCGTACACAC-1","0",8074,7743
"CACTAAAGTTGCCTAT-1","7",5679,4990
"CACTACGGGAGCTGCC-1","8",8553,8845
"CACTCAAGAGCTATGG-1","1",6158,5403
"CACTCCTATGTAAGAT-1","4",8194,3958
"CACTCCTCTCGGTCGG-1","3",3284,7468
"CACTCGAGCTGAACAA-1","0",7236,6573
"CACTCTTCTGCTAGCC-1","2",8553,8432
"CACTGACGATTGTGGA-1","4",9272,4990
"CACTTAATCAGACGGA-1","7",5559,4784
"CAGAACTTAGCCCTCT-1","0",7835,7330
"CAGAATAACACACGGA-1","2",8074,9120
"CAGACACCGATCGCTG-1","10",7835,4990
"CAGACCTGTAAGTGTT-1","13",5200,8294
"CAGACGAACCTGATAC-1","6",7475,4921
"CAGAGACGGTCACCCA-1","1",7595,5403
"CAGAGCATGAGCTTGC-1","7",4601,6298
"CAGAGGCGATGCATGA-1","10",7954,4784
"CAGATAATGGGCGGGT-1","8",9391,8501
"CAGATACTAACATAGT-1","3",4601,4646
"CAGATCATTTAAAGTC-1","1",4122,8913
"CAGATCCTGGTTTGAA-1","5",8074,2650
"CAGATGTTTGTCCCAA-1","11",7715,1618
"CAGCAGCCCGTTCCTT-1","1",4841,6849
"CAGCAGTCCAGACTAT-1","2",7475,8363
"CAGCAGTCTGTGCTGC-1","9",8913,6573
"CAGCCTCCTGCAGAGG-1","6",4242,6780
"CAGCCTCTCCTCAAGA-1","3",3284,8019
"CAGCGATTCCCTTCAA-1","4",7835,4440
"CAGCTCACTGAGACAT-1","1",5439,5541
"CAGCTCGACAAGTTAA-1","1",4841,7675
"CAGCTGGCGTAACCGT-1","5",7236,2994
"CAGCTTAGTAGGTAGC-1","3",5320,3407
"CAGGATATATCGTTGT-1","0",6757,5610
"CAGGCAGTCTTACCAG-1","9",9272,7331
"CAGGCCGTTTGGGTGT-1","7",6158,4440
"CAGGCGCACGGTGGTC-1","11",8194,3407
"CAGGCGCCATGCTAGG-1","0",7356,6505
"CAGTAACTATTTATTG-1","7",3763,8432
"CAGTAAGGGACGTCTC-1","5",9152,1755
"CAGTACATTCTCTAAA-1","1",3882,8500
"CAGTACCAGTTTACGT-1","11",7236,2719
"CAGTAGCCCACGCGGT-1","1",4481,7743
"CAGTCGAGGATGCAAT-1","1",4481,8294
"CAGTCGGCCTAGATAT-1","11",6877,1686
"CAGTCTGTATACTGGG-1","0",6517,6023
"CAGTGAATAAATGACT-1","7",4481,7193
"CAGTGTCGGCTGGCCC-1","2",7715,7812
"CAGTTCAAATTGACAC-1","6",4960,4990
"CATAACGGACAGTCGT-1","0",5799,7950
"CATAAGAAGCTTGGCT-1","0",8433,6436
"CATAAGCTCTCCGTCT-1","11",6517,2444
"CATACACAAAGTCAGC-1","5",8194,1480
"CATACACGGTTCCCAC-1","10",8793,5266
"CATACCCGTACCCAGT-1","6",5919,3614
"CATACGGCGTCTGGGC-1","0",6158,5816
"CATACTATGTAATTGT-1","7",5799,4784
"CATACTTAGGCAATAC-1","2",5918,9258
"CATAGAGGAGATACTA-1","9",9751,7468
"CATAGCGTTGCCCACC-1","10",7954,4371
"CATAGTACATTGAGAG-1","4",3284,6780
"CATAGTCAAATACATA-1","8",9272,7881
"CATAGTCCACAAGAAC-1","3",6877,3614
"CATATACTACTGATAA-1","6",3643,8500
"CATATAGGTACAGTCA-1","1",6637,5266
"CATATGTCAGGCTACG-1","5",7236,3132
"CATCATTACCCTGAGG-1","2",7715,7950
"CATCCTCTCAAAGATC-1","0",7954,7812
"CATCGGACGGGTTAAT-1","2",6517,5472
"CATCTATCCCGTGTCT-1","6",3643,8363
"CATCTTACACCACCTC-1","0",5918,8294
"CATGACTTCGCTGAAT-1","2",6278,8776
"CATGAGATGCACTCTC-1","0",8553,6918
"CATGATGCACAATTCT-1","3",4002,6229
"CATGATGGAAGTTAGC-1","2",6876,8569
"CATGCCAACTCGCAAA-1","5",6637,2925
"CATGCGACCAGTTTAA-1","1",4601,8225
"CATGGATTGTCTTCCG-1","2",8074,8432
"CATGGGTATGCCTTAT-1","0",8194,7124
"CATGGGTCGGGTGTGG-1","6",4002,7330
"CATGGTAAGTAGCGTT-1","0",6877,6504
"CATGGTATTAGTTTGT-1","5",8553,1962
"CATGGTCTAGATACCG-1","7",4601,6023
"CATGGTTTATTAATCA-1","8",9751,8569
"CATGTAAGAGACATTT-1","0",7954,7675
"CATGTAGGAGCGCCAA-1","3",3284,9120
"CATGTCTCATTTATGG-1","0",7356,7330
"CATTACGCAGGAAGGG-1","10",9990,8432
"CATTACGTCGGCCCGT-1","3",3763,5954
"CATTATGCTTGTTGTG-1","6",4601,5059
"CATTGCGGGTCAATTC-1","10",4481,9395
"CATTTAGCGGACCATG-1","1",4481,7330
"CATTTGAGTGGTACGT-1","6",7475,4784
"CCAAACAGAACCCTCG-1","3",4122,4784
"CCAAATAACAAGATTC-1","12",7595,9258
"CCAACGATGCACTGAT-1","6",5200,4027
"CCAAGAAAGTGGGCGA-1","6",7715,5059
"CCAAGACTTCTGCGAA-1","3",3882,5747
"CCAAGCGTAACTCGTA-1","1",5439,6367
"CCAAGGTTGCCCTTTC-1","8",9751,8982
"CCAATAGTGCCGTCGA-1","7",5559,4371
"CCAATCGGTAGATCGA-1","4",3164,7261
"CCAATGTCACAGCAAG-1","7",5918,4853
"CCAATTACGGGTCGAG-1","6",3763,7881
"CCACAATGTACGTCTT-1","1",4960,7330
"CCACACTGAGATATTA-1","1",6158,4853
"CCACAGTACCCATCCT-1","0",7236,7812
"CCACATGGCTCTTTAT-1","5",8074,1824
"CCACCAACTTTACTGT-1","4",7715,4233
"CCACCCAAGGAAAGTG-1","0",5918,6642
"CCACGAATTTAACCTC-1","2",6397,8982
"CCACGAGAAGAGAATC-1","3",3523,6642
"CCACGGAGCCATAAGA-1","5",7116,3338
"CCACGGTGCCCGGTAG-1","2",5679,8845
"CCACTCAGATCCGCAA-1","9",10110,6986
"CCACTGGTGGCTGGTT-1","4",6158,2925
"CCACTGTTTGGATTAA-1","2",8433,8776
"CCAGAAAGCAACTCAT-1","4",7715,3958
"CCAGATAGTTGAGTGA-1","1",4841,7262
"CCAGCCTGGACCAATA-1","2",5918,5954
"CCAGCTCGAACGCATT-1","10",9032,5954
"CCAGCTGATGGTACTT-1","4",5919,2925
"CCAGGGACGTGGCCTC-1","6",4721,5128
"CCAGTAGTCTGATCCA-1","1",4721,7743
"CCAGTCAAATCTCTTA-1","11",6517,2031
"CCAGTCTAGACGGCGC-1","1",4361,7399
"CCAGTCTTGTCATAGA-1","1",8553,5541
"CCAGTTCGGTAACTCA-1","4",10230,7606
"CCATAACCTGTGCAGT-1","11",7595,1824
"CCATACCTTTACTTGT-1","13",5080,8500
"CCATAGAGGCTGCCAG-1","5",8673,1755
"CCATAGGTTGGCGTGG-1","4",3643,5747
"CCATATGGAAACTATA-1","2",7835,8569
"CCATCGCAGTTAAACT-1","0",7475,5747
"CCATCTCACCAGTGAA-1","2",6038,8225
"CCATGCCCTAGATTTC-1","2",8194,8225
"CCATGCCTGTTTAGTA-1","1",5679,5128
"CCATTAGCGATAATCC-1","6",5320,4371
"CCATTCCCTGCCCACA-1","6",5439,4164
"CCATTTCTACCTATTA-1","9",8074,6367
"CCCAAACATGCTGCTC-1","0",5559,7537
"CCCAACATACGTCGCG-1","6",6637,3889
"CCCAAGTCATTACACT-1","8",9631,8088
"CCCAATTTCACAACTT-1","6",6158,3751
"CCCACTCCACGGTATC-1","11",7356,1686
"CCCAGAGGAGGGCGTA-1","7",4002,8707
"CCCAGGTCTGAAGGCT-1","2",7835,9120
"CCCAGTAAACTTGGGA-1","11",7715,2306
"CCCAGTTAAGGCGCCG-1","0",6517,7124
"CCCGAAGTTTCGCGAA-1","11",6877,2237
"CCCGACCATAGTCCGC-1","3",3882,6573
"CCCGAGTTTCTCCGTA-1","12",7236,8914
"CCCGCAGCGCGAACTA-1","0",7356,6092
"CCCGGGTCGTTCAGGG-1","4",9272,5403
"CCCGGTGTATCGGAAT-1","11",7835,2650
"CCCGTAAGTCTAGGCC-1","6",6278,3407
"CCCGTAGCTGGGAAGA-1","10",8314,4164
"CCCGTCAGCGTCTGAC-1","6",4242,4990
"CCCGTGAGGGCGGTGA-1","11",6757,1755
"CCCGTTTCGCAGATGT-1","2",7715,8776
"CCCTACTTGAACAATG-1","9",9871,7399
"CCCTAGGCAACAAGAG-1","11",7116,1686
"CCCTATGTAGAGCAGA-1","5",8673,3132
"CCCTCCTCGCTCGTAT-1","2",7475,8776
"CCCTGAAATGAGTTGA-1","6",5200,4164
"CCCTGCCCAATCCGCT-1","5",6398,2788
"CCCTGCGCTACGCATA-1","4",5559,3132
"CCCTGGCTGTTCCTTC-1","11",7116,1824
"CCCTTTAATGGAGTTC-1","8",9032,8982
"CCCTTTGACAGGTCTT-1","1",7475,5334
"CCGAACACTGGGCCTC-1","5",6757,2719
"CCGAACCTTCCCGGCC-1","0",7356,6367
"CCGAAGCATTGACCAA-1","5",8793,1824
"CCGACAATAGGCCGCC-1","2",8314,9120
"CCGACGGGCATGAGGT-1","11",7955,3270
"CCGACGTAAACACAAC-1","3",3044,8156
"CCGAGAAGTCGCATAA-1","12",6996,9189
"CCGAGCTGTGCTTGTC-1","7",3643,9189
"CCGATCTCAACCTTAT-1","0",5918,8432
"CCGATTCGAGGGACCC-1","4",6038,2857
"CCGCACAAAGACCAAC-1","0",5799,6711
"CCGCACTTGCAATGAC-1","8",9751,8845
"CCGCATGTGGTACGAT-1","0",8194,6023
"CCGCCGGAACTTCTCG-1","5",7955,2306
"CCGCCTGCGAATTGGT-1","3",3284,8156
"CCGCCTTGCGATGTCG-1","11",6637,1962
"CCGCGATTTGGTAGGT-1","5",6158,2099
"CCGCGCAAGATACCCA-1","5",9032,1687
"CCGCGGAATGCGTCAC-1","4",7595,4577
"CCGCGGGTACGAAGAA-1","4",5320,3269
"CCGCTATCAGCACCAG-1","0",6877,5816
"CCGCTCCAGGGCGATC-1","9",9990,6229
"CCGCTCTTCCGAACTA-1","8",9032,8294
"CCGCTTACCTCACTCT-1","6",7116,3889
"CCGCTTGCTGACATGG-1","14",4721,9258
"CCGGAGCGTACTTTCT-1","1",8433,5334
"CCGGCACGACCGTTTC-1","2",5679,9120
"CCGGCCGCGAGCATAT-1","5",8434,1618
"CCGGCGTGAGACTCTG-1","11",7116,2237
"CCGGGCGGTCTCGTCA-1","1",5320,6711
"CCGGGCTGCTCCATAC-1","0",5799,7399
"CCGGGTTCGAGGTTAC-1","6",6038,3682
"CCGGTAATGGCTAGTC-1","2",6038,9326
"CCGGTTTGTAATTGTG-1","10",8194,4371
"CCGTAAGTTGGTCCCA-1","2",5439,6780
"CCGTAGGAAATCCCTG-1","9",8673,8088
"CCGTAGGGTTGTTTAC-1","8",8673,8638
"CCGTATCTCGTCGTAG-1","5",7835,3338
"CCGTATTAGCGCAGTT-1","6",3523,9120
"CCGTGGAACGATCCAA-1","1",4361,8776
"CCGTGTTAAATTCCAT-1","6",7236,3958
"CCGTTACGTTAGAACA-1","6",3882,7537
"CCGTTCCGAATCTCGG-1","4",6278,2994
"CCTAAAGGCTGACGCT-1","4",3164,7124
"CCTAAATTAACGGTTC-1","0",6517,6160
"CCTAAATTGTATCCTA-1","2",7715,9327
"CCTAACCCAAACAAGT-1","0",7356,7606
"CCTAACTAAGGCTCTA-1","7",4002,7881
"CCTACATTCACAGACG-1","4",7595,3751
"CCTACTGCTTACACTT-1","6",4721,4853
"CCTAGGCGTAGCGATC-1","0",5799,7537
"CCTAGGTAAAGGTAGC-1","11",7595,2237
"CCTATAATGAGTGCCC-1","0",8074,7055
"CCTATACCGTCCTGTC-1","10",8074,4577
"CCTATATCGTGTCACG-1","5",8673,2168
"CCTATATTTGTCCTGG-1","4",8913,5059
"CCTATCTATATCGGAA-1","3",3763,6780
"CCTATGAAGTGGTGCC-1","2",5918,9120
"CCTATGGCTCCTAGTG-1","5",8913,3132
"CCTATGGGTTACCGTC-1","7",4960,6229
"CCTATGGTCAAAGCTG-1","9",9631,6160
"CCTATGTCCACTCCAC-1","2",8912,7812
"CCTCAACGATCGCTGT-1","5",7715,1480
"CCTCACCTGAGGGAGC-1","2",4841,8500
"CCTCACCTTAGCATCG-1","1",4721,8156
"CCTCCGACAATTCAAG-1","6",5439,3751
"CCTCCTGAGCCCACAT-1","5",6038,2031
"CCTCCTGTTGTGTCGT-1","8",8912,8088
"CCTCGCCAGCAAATTA-1","3",3643,6573
"CCTCGCGCGATATAGG-1","7",4002,8019
"CCTCGCGCTGTGCGAT-1","1",8314,5541
"CCTCGGACCGGGATAG-1","0",6397,7330
"CCTCTAATCTGCCAAG-1","6",4242,6504
"CCTCTATCGATTAGCA-1","11",7715,3270
"CCTCTCTCCCATCTAG-1","6",5559,3958
"CCTCTGGCCTAGACGG-1","4",3284,6642
"CCTCTGTACTATTCTA-1","9",7835,5679
"CCTGAACGATATATTC-1","0",5918,7330
"CCTGAATATTTACATA-1","6",4242,6367
"CCTGACCACCGATGGT-1","0",6877,5679
"CCTGCTATTTGAGAAG-1","3",4601,4921
"CCTGGAAACGTTCTGC-1","2",6158,9258
"CCTGGCTAGACCCGCC-1","6",4960,4440
"CCTGGTCGAATGTGGG-1","0",8553,6229
"CCTGTAAGACATGATA-1","7",5919,4302
"CCTGTACTCACGCCCA-1","3",6278,3132
"CCTGTCACCCGGGCTC-1","7",4960,6091
"CCTGTCCCTCACGTTA-1","2",5799,9326
"CCTGTCGCCCGTAAAT-1","1",5799,5747
"CCTGTTTGAAGACACG-1","0",8433,7950
"CCTTCAGTTAAAGTGA-1","4",8793,4715
"CCTTCGTATAGAATCC-1","9",9751,5679
"CCTTCTCAGCGTTCCT-1","11",6637,2512
"CCTTCTTGATCCAGTG-1","3",3763,6504
"CCTTGACCACTTTATT-1","2",8074,8982
"CCTTTAAGGGAGCACT-1","10",8434,4921
"CCTTTCAATGAAGAAA-1","1",4481,8019
"CCTTTGAATTATGGCT-1","5",8434,1893
"CGAAACGCAATTCATG-1","6",6398,3751
"CGAACAGTATGGGCGT-1","2",7475,8088
"CGAACCCGCATGCGTC-1","7",7356,4853
"CGAACGGCCGGACAAC-1","11",7116,2512
"CGAAGCTATAAATTCA-1","7",3763,8707
"CGAAGTTGCTCTGTGT-1","6",5439,3889
"CGAATCTGCTCGACGC-1","5",8913,2994
"CGAATGAAGTCATTGC-1","5",8913,2857
"CGAATGACGCATAATG-1","10",9032,5403
"CGACAATTTGATCTAA-1","2",6637,8019
"CGACACGCTCCGACAG-1","0",6996,7950
"CGACAGTTCGCGTTAT-1","7",5799,4371
"CGACCCTTAACGCCGG-1","11",7236,2306
"CGACCTACTAGACAAT-1","11",6996,1480
"CGACGCATCCGTACCT-1","11",7475,2168
"CGACTCAGGATGTTAT-1","7",4242,7606
"CGACTTTGTATAGCCT-1","2",5439,8982
"CGAGACCCTAGAGTGT-1","0",6637,5679
"CGAGACTACTGCTGCT-1","10",10110,8225
"CGAGAGATGTGAACCT-1","1",4960,6504
"CGAGAGCGCGTAGATA-1","11",6877,1962
"CGAGAGCTTTCACTAC-1","8",9152,7537
"CGAGAGGGTAGCCGCG-1","2",8194,8638
"CGAGCTGGGCTTTAGG-1","4",3523,6091
"CGAGGCTAAATATGGC-1","1",4960,6367
"CGAGGGACTGCGGTCG-1","0",6038,6849
"CGAGGGTATCCAGGTG-1","10",9152,5610
"CGAGTACTAAAGAGGA-1","6",6877,3889
"CGAGTGAAGGTACCAG-1","11",8074,3476
"CGAGTTCTGTCCCACC-1","1",4721,7330
"CGAGTTTATCGGACTG-1","0",5918,7881
"CGATACCTCGCGGACA-1","1",6278,4784
"CGATAGTCGTACTGCA-1","8",9392,7537
"CGATCCGACCCAGTGC-1","1",6038,4921
"CGATCTGTTGGAGGAC-1","5",6996,3132
"CGATGGACCCTACGCC-1","1",4122,8087
"CGATGTTGTTATCTAC-1","5",8434,2306
"CGATTAAATATCTCCT-1","9",8194,5747
"CGATTCGCCTGGCTGC-1","0",8314,6505
"CGCAAACACGAGTTAC-1","3",4721,4027
"CGCAATTAGGGTAATA-1","3",4841,4508
"CGCACATGTCCACTAC-1","0",6158,7468
"CGCACGTGCGCTATCA-1","0",6158,8294
"CGCAGATCTTCACCCG-1","2",4481,9258
"CGCAGGCGATCCAAAC-1","2",7715,8501
"CGCATGCCGAATGCGT-1","8",9511,7606
"CGCATGGTGCGATGCT-1","0",6278,6023
"CGCATTAGCTAATAGG-1","6",4721,5403
"CGCCACAGGTCGCGAT-1","11",7356,2099
"CGCCATCCGATTATGA-1","7",4362,6986
"CGCCCAGCACGCCTAG-1","10",8553,4990
"CGCCCAGCGTTTCACG-1","8",9272,7606
"CGCCCGCTTCCGTACA-1","3",3643,6986
"CGCCGCCCATGCCTGT-1","0",6158,7193
"CGCCGTTCAGCATAGT-1","2",8433,8638
"CGCCTCCCTCCTCTAT-1","0",6637,6504
"CGCCTGGCCTACGTAA-1","3",6398,3338
"CGCGAAGTGGCATACT-1","8",9152,8088
"CGCGACCGCGACAGAT-1","9",8553,7055
"CGCGAGAGGGACTTGT-1","6",3403,8913
"CGCGAGTCTGCCGGGT-1","11",7715,2857
"CGCGCAAATGTCCAGA-1","11",8194,3132
"CGCGCATGTTTGATTG-1","7",7475,5197
"CGCGCCCGACTTAATA-1","6",4002,6642
"CGCGGCTCAACTTGAA-1","0",6637,8156
"CGCGGGAATTAGGCAG-1","1",4841,6986
"CGCGGGAATTCCTTTC-1","9",10110,7262
"CGCGGTCACAAACCAA-1","1",3643,8776
"CGCGTTCATGAAATAC-1","6",4721,4990
"CGCTACGGGACATTTA-1","1",6038,4784
"CGCTAGAGACCGCTGC-1","0",6158,8432
"CGCTATTCTTAGGCTC-1","2",6038,5610
"CGCTCTCCGTAGATTA-1","6",5439,4027
"CGCTGGTGACTACCCT-1","2",7236,8225
"CGCTGTGACGCCGCAC-1","3",4481,4715
"CGCTGTGTGGATGTTG-1","4",8553,4440
"CGCTTATTCCCGGTCG-1","6",6517,3545
"CGCTTCGGTCTAAGAC-1","8",9391,8638
"CGCTTTCTTGCATTCG-1","2",5200,7330
"CGGAAAGAATCAAACG-1","10",8434,4784
"CGGAACGTAAACATAG-1","7",7116,4577
"CGGACCTTTACGTCCC-1","9",9990,6367
"CGGACGTTACTTGAAG-1","5",6517,1893
"CGGAGCAATTTAATCG-1","1",7954,5610
"CGGAGCATGGCGATCC-1","0",6158,6091
"CGGAGTTTGAGAGACA-1","3",5080,3820
"CGGATCCTCAAGGACT-1","9",8673,6986
"CGGCAAACATCGTGCG-1","0",7715,6023
"CGGCAATAAGATCGCC-1","2",7954,8914
"CGGCAGGGTCGGGTTG-1","2",5320,7950
"CGGCCACGCACAAAGT-1","1",5679,5541
"CGGCCCAACCTGTAGT-1","14",4840,9189
"CGGCCCAGGTATATCC-1","2",6637,8707
"CGGCGCCATCAATCCC-1","9",8553,7881
"CGGCTCTAAAGCTGCA-1","12",6996,9051
"CGGGAATATAGTATAC-1","2",7116,8707
"CGGGAATTTATGTAAA-1","0",6877,5954
"CGGGAGCTTCAGTGTA-1","0",7356,7743
"CGGGATCAATGTAAGA-1","6",4242,5541
"CGGGCAGCTAAACCGC-1","7",5320,5334
"CGGGCCTTCTTTGTAA-1","1",6398,5266
"CGGGCGATGGATCACG-1","9",9751,6642
"CGGGTGTACCCATTTA-1","0",5320,7399
"CGGGTTTGTTAGGGCT-1","2",8194,9327
"CGGTACGGCAAACCCA-1","5",7835,1549
"CGGTACTAGAATCAAA-1","0",6637,7193
"CGGTAGAGGTGCAGGT-1","1",4122,7812
"CGGTATAGGTATTAGC-1","4",2805,8294
"CGGTCAAGTGGGAACC-1","1",4601,6986
"CGGTCCGTCGCAAGCC-1","4",9032,4990
"CGGTCTATCAACCCGT-1","3",3643,7124
"CGGTGAAGACTAAAGT-1","4",5679,3063
"CGGTGCAGATAGAACG-1","6",6517,3958
"CGGTGCGCGTTGGTCC-1","6",7356,4164
"CGGTGGGCTCCAGCCT-1","3",3284,8294
"CGGTTATCCAACAGTG-1","2",5080,8225
"CGGTTCAAGTAGGTGT-1","1",4361,8225
"CGGTTGACCTGGCATA-1","3",6158,3201
"CGTACCTGATAGGCCT-1","6",4122,6160
"CGTAGAGAGTAATTAT-1","8",9511,7468
"CGTATTAAGAGATCTA-1","1",5320,5197
"CGTCACGTCCATTGGT-1","7",7116,4990
"CGTCCTCATCGCGTGC-1","8",9990,9120
"CGTCGCATGTGAGCCA-1","8",9272,6780
"CGTCGGATAGTGTTGA-1","0",5559,8088
"CGTCGGGTCTAAGCGC-1","11",7955,2994
"CGTCGTCCTTCGCGAA-1","0",8194,6711
"CGTGAAGTTAATTCAC-1","1",6278,5334
"CGTGACATTGGGTCGT-1","4",3284,7193
"CGTGACCAGTCCTCTG-1","10",9032,5266
"CGTGCACACCACTGTA-1","8",10110,7675
"CGTGCAGACTGGGACA-1","0",6278,6573
"CGTGCATTGTCGACGC-1","6",6158,3614
"CGTGCCCTCCCGAAGA-1","0",6637,6780
"CGTGGCCGAATATCTA-1","2",7116,8432
"CGTGTATGGGAGCTGA-1","8",9272,9120
"CGTGTCCCATTCGCGA-1","3",4841,4233
"CGTTAAACTAGTTAGG-1","12",7355,9120
"CGTTAATGTCCCGACG-1","0",8553,7468
"CGTTAGCTCACAACTG-1","3",3164,7674
"CGTTATCATACTTCCA-1","11",6877,1549
"CGTTCAGACCCGCGAA-1","10",9272,5679
"CGTTCATGGTGCGCGT-1","5",7236,2857
"CGTTCTTCGCACACCT-1","7",3763,8982
"CGTTGAATACCGCGCT-1","0",8314,6780
"CGTTGAGCGACCGTCG-1","0",6757,6573
"CGTTGAGTAATTGCGT-1","4",2805,8432
"CGTTGTAAGATTGATT-1","2",4601,8913
"CGTTGTCGGCAATTGA-1","10",9152,6023
"CGTTGTTTCAATTCCC-1","7",5559,4233
"CGTTTCACTTCGGGCG-1","6",3643,7812
"CGTTTCGCTCATTACA-1","7",5679,4853
"CGTTTGTGTAGAGGGT-1","10",8074,4302
"CTAAAGAATGCCTACT-1","6",5799,3958
"CTAAAGGGAAATAGGA-1","0",6757,5747
"CTAAATCCTATTCCGG-1","1",4601,7262
"CTAACAGCACAATAAC-1","5",8793,1549
"CTAACCGCGCGCCCGT-1","6",5919,3889
"CTAACGAAACTTGCTG-1","2",5080,7950
"CTAACTGATAATCGCC-1","2",8433,8501
"CTAACTGGTCCGGTTC-1","4",7475,3958
"CTAAGGGAATGATTGG-1","0",6757,6436
"CTAATTCGCACGCGCT-1","3",4841,3820
"CTAATTCTCAGATATT-1","2",4721,8707
"CTACACTCGCAGATGG-1","2",8314,8432
"CTACCCTAAGGTCATA-1","2",5200,7743
"CTACGACTAGCTATAA-1","3",6038,3132
"CTACGCACGGAGTACC-1","1",5679,5403
"CTACTATCATAGGTTT-1","11",7835,3201
"CTACTATCTTTCAGAG-1","1",4960,7881
"CTACTCAAGGTATAGT-1","2",8673,4371
"CTACTCTAGGCCCGGC-1","4",5200,3201
"CTACTGCCACCTGACC-1","1",4721,5816
"CTAGATGTGAGTGTAA-1","13",5439,8569
"CTAGATTTACGACGGC-1","0",6517,6573
"CTAGCATAGTATAATG-1","1",5559,6023
"CTAGCCGATGTTATGA-1","1",4242,8432
"CTAGGCGCCCTATCAG-1","0",7595,7743
"CTAGGTCTGAAGGAAT-1","13",5799,8638
"CTAGGTTCGGACGTGA-1","0",8433,6298
"CTAGTAGAAAGGGATT-1","9",9032,7055
"CTAGTCACGTCTTAAG-1","0",5918,6229
"CTAGTGAAGGACAGGA-1","6",5559,4095
"CTAGTTACAACCCGGT-1","0",7835,6092
"CTAGTTGGGCCCGGTA-1","7",4601,6160
"CTATAAGAGCCAATCG-1","1",4601,8363
"CTATACTTAAAGCGAG-1","5",8913,1755
"CTATCGACGAAATACA-1","2",7835,7881
"CTATCGGGTCTCAACA-1","2",5679,6229
"CTATGCCCGAATGCAA-1","10",9032,5541
"CTATGGGAAGCGGAAT-1","2",7954,8638
"CTATGTCACTAGCCCA-1","1",5080,6023
"CTATGTGAGTCACGGC-1","5",6877,2650
"CTATTCATGTGTCCCA-1","9",7715,5747
"CTATTGTGTTTGGTCA-1","3",3044,8432
"CTATTTGCTTGGAGGA-1","9",9871,5885
"CTATTTGGTTACGGAT-1","0",5799,7124
"CTCAACTAACCCGGAT-1","9",9032,7331
"CTCAAGACATTAGCGC-1","3",3164,8500
"CTCACATTTACTAAAT-1","8",8913,6160
"CTCACTGTGATACTTA-1","9",9032,6642
"CTCACTTGGCTGGTAA-1","3",6278,3269
"CTCAGATTGTGATAAG-1","11",6637,1824
"CTCAGTCACGACAAAT-1","1",4361,8087
"CTCATAAATGTGTATA-1","10",10350,8776
"CTCATGGTAATTTGCG-1","11",7475,3270
"CTCATTGCTCTAACAA-1","0",8673,6849
"CTCATTTGATGGGCGG-1","3",4122,5747
"CTCCCTCCTTTCGATC-1","11",7595,3063
"CTCCGCCCACATGAGG-1","7",6637,4164
"CTCCGGCCTAATATGC-1","4",3763,5541
"CTCCTCCAGCTCACAC-1","4",8913,4921
"CTCCTTTACGCAAGTC-1","1",4242,8982
"CTCGAGACATACGATA-1","5",8074,1962
"CTCGAGGTCGAACAGT-1","7",4960,5541
"CTCGATATTTGCGAGC-1","1",4242,8294
"CTCGCACCTATATAGT-1","6",4362,6160
"CTCGCATTGCATAGCC-1","5",8673,2306
"CTCGCCGAATGTAGGG-1","1",8673,5885
"CTCGCTAGGTAAGCGA-1","10",10110,8088
"CTCGGTACCACTGCTC-1","0",6397,7055
"CTCGGTTGTCGGCCCT-1","11",8194,3270
"CTCGTCGAGGGCTCAT-1","5",8673,2719
"CTCGTCTGTGCCTTCG-1","9",9871,7124
"CTCGTTTCTAATGTTT-1","1",4122,8638
"CTCTAATGCATTGATC-1","1",4361,9051
"CTCTACACTGGCGATT-1","5",6637,2650
"CTCTAGCCCTCGGAAA-1","8",9392,7675
"CTCTATTTGGCTGCAG-1","0",7236,6160
"CTCTCACAATCGATGA-1","1",5320,6298
"CTCTCTAACTGCCTAG-1","5",8314,2925
"CTCTGGACGCCTGGTG-1","1",5320,5747
"CTCTTCTATTGACTGG-1","2",6996,8363
"CTCTTGTCCCGCTTGG-1","1",7954,5472
"CTGAAAGAGATCCGAC-1","3",3763,6229
"CTGAATCCGAGACCTC-1","7",7116,5128
"CTGAATTTATTGCCAG-1","1",4122,8776
"CTGACTGCGCAGCTCG-1","13",5200,8432
"CTGCAAGCACGTTCCG-1","8",8793,9120
"CTGCACAACTACATAT-1","0",7475,6711
"CTGCACTCCAGTACAG-1","0",7954,6298
"CTGCAGAGAATCAGAG-1","8",8793,8432
"CTGCCAAGGTTGGAAG-1","6",4002,6780
"CTGCCATGCATCACAT-1","0",6278,5747
"CTGCCTTTCTAGTAAA-1","2",9032,7881
"CTGCGACCTCGCCGAA-1","9",9990,6505
"CTGCGTTACGATATAA-1","3",3403,7674
"CTGCTGAGGCCACGAA-1","3",7356,3889
"CTGCTTGGCGATAGCT-1","0",7835,6642
"CTGCTTTATGTCCGCG-1","7",3882,9189
"CTGGAAATGGATGCTT-1","7",4960,5128
"CTGGAAGACACGGTGG-1","0",7475,7537
"CTGGACGCAGTCCGGC-1","11",7595,2375
"CTGGATTTACACTTGA-1","1",7356,5266
"CTGGCATCCGAATGAG-1","5",7236,3270
"CTGGCGACATAAGTCC-1","3",3523,7055
"CTGGCGATTTACATGT-1","10",10230,8845
"CTGGCGCACAGGTCTG-1","0",5918,7606
"CTGGCTGATTCATCCT-1","0",6757,8088
"CTGGCTGGTTGTCAGT-1","10",7954,5334
"CTGGGATAAATAATGG-1","0",6038,7262
"CTGGGCCTGCTATATC-1","3",6757,3545
"CTGGGTAGGCAGTTAA-1","0",6637,6917
"CTGGGTTGAGTTAAAG-1","11",7835,2237
"CTGGTAAAGACTTACA-1","10",9990,8294
"CTGGTAACACATAGAA-1","0",6517,7537
"CTGGTAACGAGCTCTT-1","2",4960,8156
"CTGGTTTCGAGCAAGA-1","0",6996,7537
"CTGTACTTCTTAGCAT-1","1",6158,4990
"CTGTAGCCATCTCACT-1","10",8194,4646
"CTGTCAAATGGCTCGG-1","1",4242,7193
"CTGTGCAGGGTAGGTC-1","0",6517,6298
"CTGTGGTCGGGAGATA-1","0",8074,7606
"CTGTTACCCAATCTAG-1","1",7236,5472
"CTGTTCACTGCCTGTG-1","3",4122,5334
"CTTAACTTACAGTATA-1","8",9871,9189
"CTTAAGCAGCGAGCCG-1","11",7595,1686
"CTTACACGGTATTCCA-1","6",5200,4577
"CTTAGCCTTCCACATG-1","6",4122,6849
"CTTAGGTATAGACCAG-1","5",9032,2512
"CTTAGTAGGCCTACAG-1","13",5320,8500
"CTTAGTGTAGTAGCAT-1","9",8793,7193
"CTTATGCGCTCAGGGC-1","11",6637,2237
"CTTCAACTCCACTTGG-1","9",8553,6780
"CTTCAGTGGTCGCCTA-1","11",7955,2719
"CTTCAGTTGGACAACG-1","2",10230,7744
"CTTCATTGTCAGTGGA-1","1",5799,5610
"CTTCCGCTCCGTGAAG-1","10",8194,4921
"CTTCGATTGCGCAAGC-1","8",9631,7537
"CTTCGGCCAATTGTTT-1","2",7475,9051
"CTTCGTAGATAGGTGA-1","1",6158,4577
"CTTCTATGTTGAAGTA-1","4",6996,3407
"CTTCTATTAATGCTAG-1","3",7595,4715
"CTTGAGTTAGGGTAAT-1","0",6158,7881
"CTTGATGACCATCCAG-1","10",9871,8225
"CTTGCAACCGCCTCCT-1","4",6637,3201
"CTTGCCCACCCACGCA-1","10",9871,8363
"CTTGCCCAGGCTCTAC-1","1",6877,5266
"CTTGGCCAAGCTGGGA-1","10",8793,5403
"CTTGTACTTGTTGACT-1","3",4002,4990
"CTTGTCAACATTCGAG-1","0",7475,6023
"CTTGTGCTCACCGATT-1","7",4122,7950
"CTTGTTGCTGAGTCAA-1","0",6038,6986
"CTTTAACTTTCAAAGG-1","6",4242,6091
"CTTTAATATTGGTCGA-1","0",7595,6505
"CTTTACCGAATAGTAG-1","0",7475,7262
"CTTTAGGAACACTGTT-1","0",6397,7468
"CTTTAGTGCTATTATT-1","0",6757,5885
"CTTTCTGTGCGGGCTT-1","0",7954,6023
"CTTTGACGTCGCTTCT-1","11",6757,1480
"CTTTGCATCGCTCTTG-1","9",8673,7950
"CTTTGGCTTTAGTAAA-1","6",5320,4233
"CTTTGTCGAATGCTCC-1","5",8314,1962
"GAAACAGATGACCACC-1","0",6278,7812
"GAAACATAGGAAACAG-1","5",8673,2857
"GAAACCATGGTGCGCT-1","2",4721,8982
"GAAACCGAATTACCTT-1","1",6877,4990
"GAAACCTATACAAATG-1","10",8673,5059
"GAAAGAACAGCGTTAT-1","13",5918,8569
"GAAAGCAGTGCACTTT-1","1",8194,5197
"GAAAGCCCTTTGGACC-1","4",5679,2925
"GAAATATCACCATCAG-1","4",5440,3063
"GAAATATGCTTGAATG-1","6",3403,9051
"GAAATCGCGCGCAACT-1","4",3643,6160
"GAAATGGCGGTGTTAG-1","7",5080,5059
"GAAATTAGCACGGATA-1","6",3643,8087
"GAAATTGTCTCTATAA-1","1",6637,5128
"GAACAACTGGGATGAA-1","8",9511,7331
"GAACACACATCAACCA-1","3",4122,4921
"GAACAGATTACTAAAT-1","0",8314,6367
"GAACCCTCTGTGTTCT-1","0",8553,6092
"GAACCTCGACCTACAC-1","5",6398,2099
"GAACCTTTAACGATCC-1","9",9032,6918
"GAACGACCGAATGATA-1","3",3763,5816
"GAACGCGGGTCACACG-1","12",7236,9326
"GAACGTCTCATGGTCG-1","2",5200,7468
"GAACTGTGGAGAGACA-1","9",9631,6023
"GAAGAAACGATATTGT-1","5",8553,3476
"GAAGCCACTGATTATG-1","8",9272,6229
"GAAGCCTGCACATTCC-1","1",8793,5679
"GAAGCGTGAGGAATTT-1","1",5559,5610
"GAAGCTCGGACCCGTC-1","11",8074,2925
"GAAGCTTGCTGACCGC-1","3",4960,3889
"GAAGGAGTCGAGTGCG-1","10",9392,5610
"GAAGTCAGTTGCACTA-1","1",7715,5472
"GAAGTCTCCCTAGCGA-1","0",5918,7743
"GAAGTGATTTATCGTG-1","1",6158,4715
"GAAGTTTCCACTCAAT-1","7",5799,4646
"GAATAGACGCGACCCA-1","0",6517,7812
"GAATAGCCCTGCGGTC-1","7",3643,9051
"GAATCGACATGGTCAC-1","3",4601,4371
"GAATCTGAACATTCTC-1","0",6517,5885
"GAATGCGAATCGGTTC-1","8",9032,6229
"GAATGGGCTTATCGAC-1","5",6278,1893
"GAATGTATGGCAGGTC-1","3",3284,7743
"GAATGTGGTCCGGATT-1","0",6637,7055
"GAATGTTGGGTAATCT-1","6",4242,6229
"GAATTATAGTGAAAGG-1","1",5559,6160
"GAATTCACCCGGGTGT-1","1",7116,5266
"GAATTTCTCGCTGCAG-1","4",4841,3545
"GACAAACATATGCAGG-1","2",6757,8363
"GACAACGACCATTGAA-1","7",4481,6780
"GACAACGCAGCTTACG-1","4",3883,5197
"GACACAAGGGAAGAAA-1","1",5080,6436
"GACACAGCCGGGACTG-1","10",10110,8363
"GACACTGAGTTCAGTG-1","7",6757,4646
"GACACTGGAACCCGAT-1","2",7715,9051
"GACACTTCCAATTACC-1","10",9871,8088
"GACAGATTTCTGGCTC-1","11",6757,2031
"GACAGCCAGACCTGAC-1","0",6517,7399
"GACAGGCACACACTAT-1","4",6038,2994
"GACATCCGTCGAACTG-1","8",9272,6367
"GACATCGATTTATAAC-1","4",7715,4921
"GACCAAACGTTGACTG-1","2",8433,8914
"GACCACACTTCCCTTT-1","9",9871,6986
"GACCAGAGCCCTGTAG-1","1",5200,4715
"GACCCAATTATGATAC-1","11",7955,2857
"GACCGACGTGAAAGCA-1","2",6038,9189
"GACCGACTGAAGCGTC-1","4",5559,2994
"GACCGCGTCTGACGTG-1","12",7475,9189
"GACCGTGCTGACGGTG-1","1",6278,5059
"GACCGTTACATGCGAC-1","4",6038,1893
"GACCTTCCACGTCTAC-1","8",9392,6573
"GACGACGATCCGCGTT-1","0",7715,6298
"GACGAGGCTAATAAAC-1","2",8194,8363
"GACGCATACCCGTCGG-1","5",9152,1893
"GACGCCGTAAAGGCTA-1","10",7954,5197
"GACGCTTGCTTCTAAA-1","6",6038,3958
"GACGGGTTGGCCCGTA-1","4",8793,4990
"GACGGTCAATAGAAGC-1","13",5080,8363
"GACGTGTAGGGATTAT-1","4",4841,3682
"GACTAAGATCATGCAC-1","3",4242,5128
"GACTAAGTAGGCTCAC-1","3",4721,4440
"GACTACAAAGCGGTGG-1","11",7356,2925
"GACTAGGCCGTTAGGT-1","8",9392,6849
"GACTCACCCACGTGAG-1","2",6038,8776
"GACTCCCAGAATAAGG-1","2",4721,9120
"GACTCCTTCCAATTGA-1","5",8194,2168
"GACTCGCGGGAATGAC-1","1",4841,8087
"GACTGCAAATCGAGCT-1","0",8553,6642
"GACTGCACCAGCCCAG-1","0",6996,6986
"GAGAACGGTTCTGACT-1","8",9511,8569
"GAGACCCTGCAACGCC-1","3",2805,9120
"GAGACTGATGGGTAGA-1","7",4841,5334
"GAGACTTCGCGACCGA-1","1",7835,5403
"GAGAGGGCGCGAGGTT-1","7",6038,4233
"GAGAGGTGCATTCTGG-1","3",6757,3407
"GAGATCTGCTTGGCAT-1","1",5559,4508
"GAGATCTGTCACTCCG-1","1",5080,6573
"GAGATCTTCCATGACA-1","0",6877,6780
"GAGATGGCTTTAATCA-1","9",9871,6711
"GAGATGGGAGTCGACA-1","0",7715,6436
"GAGCACCTGTGTCCAG-1","9",8433,6986
"GAGCCAGCTACCTGTG-1","0",7835,7606
"GAGCCGAGCGTTTATT-1","3",3044,8845
"GAGCGCAAATACTCCG-1","2",7595,8845
"GAGCGCGCACGAGTAG-1","2",7356,7881
"GAGCGCTGTTAGGTAA-1","5",8793,3063
"GAGCTAAGGGCATATC-1","1",4960,7193
"GAGCTGTCGTCTCGGA-1","1",3882,8913
"GAGGAATGGAGAGGTT-1","4",4721,3614
"GAGGATAAACAGTGCT-1","12",6278,9326
"GAGGCCCGACTCCGCA-1","11",8074,3063
"GAGGCCTGTTGATACA-1","8",9032,8845
"GAGGCTATCAAAGTCG-1","3",5679,3338
"GAGGGCGCAGCTCTGC-1","1",4721,7606
"GAGGTACGCGTGTCCC-1","9",9511,6092
"GAGTAAGGCCACGGGA-1","11",7236,2444
"GAGTAGATACTAGTTG-1","10",8913,5885
"GAGTATGCCCGCCTTG-1","6",7356,4440
"GAGTATGCGCGTGCAT-1","4",9032,6367
"GAGTCAGACCAGAATC-1","10",8194,4784
"GAGTCCGCTTACCGGA-1","0",6996,5472
"GAGTCTTGTAAAGGAC-1","11",7116,1549
"GAGTGTCAACCAGAAA-1","9",9032,7193
"GAGTGTGCGGTACCCA-1","0",6757,7537
"GAGTTCTGTGGGTGCT-1","5",8553,1687
"GAGTTGATGGCAATTT-1","11",7595,2788
"GATAACTCGCACTGTG-1","0",6158,7606
"GATACGATGGGAGTCA-1","1",6877,4577
"GATAGATAGTACAGTC-1","10",10230,8157
"GATAGGTAACGTTGAC-1","0",7236,5610
"GATATCAAGCAGGAGC-1","5",8074,1686
"GATATGAGACACTAAC-1","0",6158,7055
"GATATGCGGTAGCCAA-1","6",3763,7743
"GATATTGAGATTGGCG-1","13",5559,8363
"GATATTTCCTACATGG-1","3",3523,7606
"GATCATTCCAAACATT-1","7",5080,5334
"GATCCCTTTATACTGC-1","1",4841,5610
"GATCCGGGAATTAACA-1","0",6158,6504
"GATCCTAAATCGGGAC-1","1",4721,8019
"GATCCTCGACACTGGC-1","4",7475,3683
"GATCGACACTATCTGA-1","6",4721,4715
"GATCGCGGGCTCTCCA-1","1",5799,5059
"GATCGCTACCCGATTT-1","2",7475,8225
"GATCGCTATATCTCAG-1","5",8793,3201
"GATCGGATAGAACCAT-1","5",6398,2375
"GATCGGTGGCCATAAC-1","7",4841,6160
"GATCGTGACTGATATC-1","0",6038,6436
"GATCTAACCGTATTCA-1","11",7715,1893
"GATCTGCTATCTAAGG-1","10",8913,5334
"GATCTTGGAGGGCATA-1","0",6757,6298
"GATCTTTGCAGGGTAT-1","7",5799,4095
"GATGACAAGTAGGGCA-1","4",8314,3751
"GATGACGATGATCGCG-1","7",3763,9258
"GATGAGGAACCTTCGG-1","8",9511,7055
"GATGCCTTCTGCGGCA-1","5",8434,2444
"GATGCGTCCTGCATTC-1","1",5918,5403
"GATGCTGTATTTCATC-1","0",6637,6642
"GATGTAACGAACCACC-1","11",7595,2925
"GATGTTCAATCCACGA-1","7",6398,4440
"GATTAACCGAAAGCCC-1","2",8074,7881
"GATTACTGAATTTGGG-1","7",6398,4164
"GATTCCCTTGTCGCAG-1","7",4481,6091
"GATTCCGCGTTTCCGT-1","4",3403,6711
"GATTCGACGGTTCACG-1","0",6397,6367
"GATTGGGAAAGGTTGT-1","8",9392,6986
"GCAAACCCTACATTAT-1","0",7236,7124
"GCAAACCTTGGCCATA-1","0",8314,6092
"GCAAATATTACGCTTT-1","1",5679,4302
"GCAAATGAGGACACTT-1","5",6398,1824
"GCAACACACTAGAACT-1","5",6996,2581
"GCAACAGCAGTATGCG-1","12",6996,8776
"GCAACCACCAGACCGG-1","3",3164,7812
"GCAACCACGGCCGCGT-1","3",6637,3476
"GCAACGGCTAGTTATG-1","12",6637,9258
"GCAAGAATTCCTTGGC-1","6",6757,3958
"GCAAGATGTGTTCGCG-1","4",2805,8707
"GCAAGCTGGAAACCGC-1","5",7955,1618
"GCAAGTGCACAGAGAA-1","3",4362,4371
"GCACAAACGAGGCGTG-1","12",6996,9326
"GCACAACCTCGGGCGT-1","5",8434,2168
"GCACACACTGGTAGCC-1","2",8194,7950
"GCACCTAGGCGAGTCC-1","10",10230,8569
"GCACGCCGATTCCCGC-1","9",10110,6711
"GCACGCCTACTTAGAT-1","4",8074,4164
"GCACGTGGTTTACTTA-1","8",9152,8776
"GCACTGCCTACCTTTA-1","9",9392,6160
"GCAGACCCAGCACGTA-1","13",6158,8569
"GCAGATCCATAAGACT-1","0",7595,7330
"GCAGATTAGGGATATC-1","1",5918,5679
"GCAGCACACAGCCCAG-1","7",6038,4371
"GCAGCCTATATCACAT-1","2",5679,9258
"GCAGCTATGGACAGGT-1","3",3044,9258
"GCAGCTGTCAACGCAT-1","9",9990,7468
"GCAGGAACTTAGATCT-1","11",7835,2512
"GCAGGACTATAGAATA-1","6",5679,4027
"GCAGGTAGAGTATGGT-1","6",3643,7950
"GCAGTGTGGCTATAGG-1","9",8553,7193
"GCATAGAGCACTCAGG-1","1",5918,5541
"GCATCGGCCGTGTAGG-1","2",7356,8569
"GCATGAGGGACGCGGC-1","2",5080,7675
"GCATGCTAATAACGAT-1","8",9511,8019
"GCATGGGTACTGACGC-1","5",6398,1686
"GCATTCAAGGCAACGC-1","2",4840,8913
"GCATTGACTTGCGGAA-1","11",7476,1755
"GCATTGTAATTCATAT-1","4",6398,2925
"GCATTTCCAAGGCTCC-1","14",5439,9120
"GCCAACCATTTCCGGA-1","4",4601,8776
"GCCAAGAATACTTCTG-1","11",6996,2168
"GCCAATAGGGCATCTC-1","1",4481,8569
"GCCACAATTTAAGGAC-1","6",6877,4164
"GCCACTCAGAGCGCGA-1","9",8553,8019
"GCCAGGAGTAACCGAT-1","7",4002,7606
"GCCATATTGCACACAG-1","1",4122,7674
"GCCATCGAGCTGCGTG-1","4",7835,4715
"GCCATCGATGCTGCAT-1","14",5320,9051
"GCCATTAGCCTCAAAC-1","5",8074,2375
"GCCCGACTTCTTCCCG-1","5",7356,3201
"GCCCGAGAGTCTAAAT-1","5",8913,2168
"GCCCGATCTGTGGTCG-1","0",7835,5816
"GCCCGCGCGTAAACGG-1","6",7356,4302
"GCCCGTAATACCTTCT-1","7",4721,6917
"GCCCTAGCCGTCGCGA-1","11",7955,2581
"GCCCTGAGGATGGGCT-1","8",9631,6573
"GCCGAAATTCCTACGT-1","1",5679,4577
"GCCGATTGGCCAAGCT-1","0",6398,5679
"GCCGCTTGTGAGAAAC-1","7",5799,4233
"GCCGGGTTAGGGTCGC-1","2",6398,5541
"GCCGTGGAAGAAATGT-1","2",6158,9395
"GCCTACGTTCTGTGCA-1","9",9631,7124
"GCCTATAGTGTCAGGG-1","1",4960,7743
"GCCTATGCTGGGCCTT-1","7",3643,9326
"GCCTCATCTGGAAATA-1","2",6397,8019
"GCCTCCGACAATTCAC-1","8",8673,8225
"GCCTCTATACATAGCA-1","0",8074,6642
"GCCTTTGTCAGTGGAC-1","5",9152,2168
"GCGAAACGATCGGGAG-1","2",7954,8363
"GCGAAACTTAACTGGA-1","0",6757,7124
"GCGAAGAATCTGACGG-1","8",9392,7262
"GCGAAGCCATACCCGT-1","7",5200,5678
"GCGACATGTAAACATC-1","2",5918,8845
"GCGACGATAGTTGTAC-1","1",7236,5197
"GCGAGAGGCCATGTAA-1","1",4002,9258
"GCGAGAGTTGCGTCCA-1","13",5439,8845
"GCGAGCGCATGCTCCC-1","2",5918,8982
"GCGAGGCCCGAGCAGA-1","7",5918,4715
"GCGAGTTCTGCAAAGA-1","1",5679,5816
"GCGATTGTTAACGTTA-1","0",5918,6780
"GCGCAAATATATTCAA-1","5",8434,3407
"GCGCAAGAGCGCGCTG-1","2",6278,8363
"GCGCATCCAGTCAGCA-1","2",4960,8019
"GCGCCGTTCCACGATA-1","0",6398,5954
"GCGCCTCCCACTCCGA-1","12",7236,9051
"GCGCGGTCTAGTAACT-1","4",9631,5610
"GCGCGTCATTGGTACA-1","0",8314,7193
"GCGCTAATTGAATAGA-1","2",5559,6298
"GCGCTATGCCGAGGCA-1","1",6637,4715
"GCGCTGATCCAGACTC-1","3",3523,7468
"GCGCTGCTTTGCATTT-1","1",4841,7950
"GCGCTTAAATAATTGG-1","9",8314,7606
"GCGGACCGCGTTGTGG-1","3",7595,4440
"GCGGAGAAACTTCGCA-1","4",8074,3751
"GCGGAGAGGGAGAACG-1","0",6996,6849
"GCGGATTACTTGTTCT-1","10",10350,9051
"GCGGCAAAGTATTGCC-1","5",8553,3338
"GCGGCTCTGACGTACC-1","7",6038,4095
"GCGGCTTTAGCAAGTT-1","9",9871,6849
"GCGGGCGAGCCTTACC-1","10",8074,4990
"GCGGTCTTGCTTTCAC-1","9",10110,7124
"GCGGTGAACTGCGCTC-1","1",3882,7950
"GCGGTTCCCTATCATG-1","7",7116,4853
"GCGTAAATGGCCATAA-1","13",5559,8500
"GCGTCGAAATGTCGGT-1","4",3523,5954
"GCGTCGCCAGGGTGAT-1","9",7954,5747
"GCGTCTCTGCATTGGG-1","7",6158,4302
"GCGTGGTACTGGGTTA-1","0",5679,8019
"GCGTTCGGAGACCGGG-1","1",3763,8569
"GCTAACTGAAGTCTGA-1","0",8433,7537
"GCTAAGCCCAGTATGC-1","10",10350,8914
"GCTAAGTAGTTTCTCT-1","0",5559,6986
"GCTAATACCGAATGCC-1","4",4002,4715
"GCTACAATCGAGGATA-1","8",8912,8638
"GCTACAGTACGGACCG-1","5",6278,2444
"GCTACGACTTATTGGG-1","0",6637,6229
"GCTACTATAGTAGAGT-1","2",7475,7950
"GCTAGACCGTCTACTG-1","2",6517,8638
"GCTAGAGTAGAGATGT-1","2",8194,8088
"GCTAGCAGGGAGTGGG-1","3",3284,8432
"GCTAGCTTGAATAGCT-1","4",7715,4508
"GCTAGGCACCACGGAG-1","0",7954,7262
"GCTAGTAGAGCTTGTA-1","0",6158,5954
"GCTATACGTCTCGGAC-1","0",7715,7537
"GCTATCATACTCATGG-1","0",7954,6849
"GCTATGCCAGCTTATG-1","11",6757,1618
"GCTCAATCCGTTTATT-1","4",7835,3889
"GCTCAATGTAATACCG-1","10",8913,5472
"GCTCATTACTGCATGT-1","3",3044,7881
"GCTCCCAGTCGGTCCA-1","12",6637,8982
"GCTCCGCTCGCTTCAG-1","12",6517,9189
"GCTCCTGACATACTGG-1","4",8194,3683
"GCTCGCTCATGTCCAA-1","0",6397,8294
"GCTCGGAATTTAAAGC-1","6",4122,7262
"GCTCTAAACCCTGACG-1","6",4362,5472
"GCTCTATGTTACGTGC-1","3",4601,4233
"GCTCTCGGGTACCGAA-1","6",4601,5472
"GCTCTTTCCGCTAGTG-1","4",9152,5197
"GCTGAATCTTCCAATC-1","5",8553,3063
"GCTGAGGCGTGAGTAT-1","0",6278,5885
"GCTGCACGGTTTCTTA-1","0",6397,6504
"GCTGCTAAGTAGTCGA-1","1",8194,5334
"GCTGCTACTGCGTAGC-1","0",7595,6642
"GCTGCTCTCCGGACAC-1","7",5200,5816
"GCTGGACCCAAAGTGG-1","3",3164,8776
"GCTGGCATATTCACCT-1","3",5200,3614
"GCTGGCGGCGCATGCT-1","9",7954,5885
"GCTGGTGACTCGTAGT-1","4",2804,9533
"GCTGGTTTAGGCCATA-1","5",8673,2444
"GCTGTATTACTGGCCC-1","6",6996,4095
"GCTGTTGCTACCGAAC-1","0",6158,8019
"GCTTAATGTAACTAAC-1","0",6517,7262
"GCTTACGTAGTTAGTA-1","2",5799,9189
"GCTTATGAAGCAGGAA-1","0",5679,7606
"GCTTCCATGTAACCGC-1","10",10350,8501
"GCTTCCGTCCCTAGAC-1","1",4960,6780
"GCTTGAGTGACCTCTG-1","10",10230,9258
"GCTTGGATCGATTAGG-1","2",5200,8156
"GCTTTCAGAGGAGGTG-1","0",5439,8019
"GGAAACCTTGTTGAAT-1","7",3882,8776
"GGAAACTAAATGGGCC-1","8",8673,8501
"GGAAAGTGCCCATGCC-1","1",3882,7674
"GGAACCGTGTAAATTG-1","6",7356,4715
"GGAACCTTGACTCTGC-1","5",8553,2925
"GGAACTTTGGCGATTA-1","8",8673,9051
"GGAATGCGCTAGCGTG-1","2",5320,7124
"GGACAACCATGAAGCC-1","8",9871,8501
"GGACACAAGTTTACAC-1","12",7116,9120
"GGACCAACAGGATAAC-1","0",7595,6092
"GGACCTACGGTAACGT-1","6",3523,8982
"GGACCTCTAGGCCGCC-1","5",8434,3545
"GGACGTCCATAGTTGG-1","3",3164,9464
"GGACTCTTTGACTAAG-1","9",9990,7193
"GGAGAAGTCATTGGCA-1","4",4242,4302
"GGAGACCATCTACATA-1","11",7476,2031
"GGAGACGACACCTTTG-1","0",6637,6092
"GGAGCAACATTTCAAG-1","2",8314,8569
"GGAGCACCAAGAACTA-1","1",4601,7124
"GGAGCGAGGCCTACTT-1","9",9511,6229
"GGAGGGCTTGGTTGGC-1","2",5320,6849
"GGAGTTGATTCTGTGT-1","8",9631,9189
"GGATCAGAGCCATCAG-1","5",6637,1549
"GGATCATCCCGTACGC-1","6",3523,8432
"GGATCCGGAATATACT-1","0",5559,7124
"GGATCTTGACTCAACC-1","11",7595,2650
"GGATGAAGATCGCTGA-1","0",6517,7950
"GGATGACGCGAGTTTA-1","7",5919,4577
"GGATGGCTTGAAGTAT-1","8",9631,8225
"GGATGTCCTTACCGCA-1","0",5679,7743
"GGATTAATCATGGACC-1","9",9990,6642
"GGATTCCGCTATACCC-1","3",3763,7055
"GGATTGCTGTGACTCC-1","9",8673,7262
"GGATTTCACTTCTATA-1","2",5200,7193
"GGCAAAGGCGCCAATA-1","4",7954,3820
"GGCAAATTACTTTACT-1","1",6398,5128
"GGCAAGCCCATAGTGG-1","10",9511,5679
"GGCAAGGCGAAATAGC-1","0",6877,6229
"GGCAATAGTCAATGAG-1","1",5080,6298
"GGCACGCTGCTACAGT-1","10",10110,9189
"GGCACTCCACTGGGCA-1","1",5559,4646
"GGCACTGCGGTGGTTT-1","8",9871,9051
"GGCAGCAAACCTATGC-1","2",7595,8569
"GGCAGCGGTAATCCTA-1","3",3164,8363
"GGCATACAGGTAGCGG-1","6",5559,3682
"GGCATATCGGTTCTGC-1","3",3523,7193
"GGCCAATTGTATAGAC-1","4",10350,8225
"GGCCCAGCTGGTTTGC-1","9",9871,6573
"GGCCCTCACCCACTTA-1","4",5919,3063
"GGCCGGCGTCTGCTAT-1","8",9272,6918
"GGCCGTTTGGGTTTCA-1","4",8553,4577
"GGCCTGCTTCTCCCGA-1","8",8553,9258
"GGCGAAATCTAACTTG-1","0",6637,7468
"GGCGAGCGAAACGGCA-1","11",7595,1962
"GGCGCAGGACATCTTC-1","3",5919,3338
"GGCGCATGAATTGATG-1","1",6517,5197
"GGCGCGGAGATCTTTC-1","9",8433,7399
"GGCGCGTTCGAGTTTA-1","9",7116,5541
"GGCGCTTCATTCCCTG-1","9",9511,6367
"GGCGGAGTAATATTAG-1","7",5320,4646
"GGCGGTAGGATCATTG-1","1",5200,6229
"GGCGTAGGGAAAGCTG-1","9",9152,7124
"GGCGTCCTATCCGCTG-1","3",5200,3751
"GGCTAAAGGGCGGGTC-1","1",3763,8294
"GGCTAATGATTGAAAT-1","4",2805,9258
"GGCTATTAAGTTGTAT-1","6",5439,4302
"GGCTCGCGTTGAGGTA-1","2",5200,7881
"GGCTCTGCTCCAACGC-1","7",4601,6436
"GGCTGAAATAGCAAAG-1","0",7356,6917
"GGCTTTCAATAAGGGT-1","1",8673,5747
"GGGAAAGAATGCCAAC-1","8",9871,8914
"GGGAACGGGAGGTTAG-1","7",6158,4027
"GGGAAGACGGTCTGTC-1","9",9152,6711
"GGGAAGGGCTTTCTCA-1","9",9032,7468
"GGGAATGAGCCCTCAC-1","7",3763,8845
"GGGACAGAGTTACTCC-1","5",8314,2788
"GGGACCCGTATATCTT-1","10",8314,5128
"GGGACTGCATAGATAG-1","1",5320,5610
"GGGAGAACTCACAGTA-1","1",5320,5885
"GGGAGCGACCGTAGTG-1","9",9631,7399
"GGGAGGATGCCCGAAA-1","1",5918,4990
"GGGAGTTAATGAGGCG-1","2",5439,6642
"GGGATGGTCGTAACCG-1","7",7116,4440
"GGGATTTACCGCACCT-1","0",6517,7675
"GGGCAACCGCACGTGC-1","5",8074,2788
"GGGCACTATTGACCAT-1","5",8793,1687
"GGGCAGACGTCACTGC-1","11",7236,1755
"GGGCAGAGCAATCGTT-1","1",8433,5610
"GGGCAGTCAACGCCAA-1","9",9751,6918
"GGGCCCGTCTTAAACA-1","1",6517,5059
"GGGCCGGCCGAAGTAC-1","0",5799,7262
"GGGCCTAAATGGGCTA-1","11",6877,2099
"GGGCGATATGTGTGAA-1","7",4841,5472
"GGGCGGCAAATGAATT-1","6",7356,4577
"GGGCGGGTTCCCTACG-1","7",6637,4027
"GGGCGTACATTTATAT-1","3",4362,5197
"GGGCGTCACCACGTAA-1","7",7236,4921
"GGGCGTCCACTGGCTC-1","3",3403,7261
"GGGCGTGGTTTCCCAG-1","9",8793,7055
"GGGCTACTATTTCGTG-1","11",7476,1893
"GGGCTATGATCGATGG-1","10",8314,4990
"GGGCTCATCGAACCCA-1","7",4481,7606
"GGGCTGCCTAGGGCGA-1","1",5439,6229
"GGGCTGGTTAGTCGCG-1","7",5200,4990
"GGGTACTTCATGAACT-1","7",5919,4164
"GGGTATGTATGCACTT-1","4",4841,3407
"GGGTATTCTAGCAAAC-1","5",8074,2512
"GGGTCACCGTGACGGT-1","1",5679,4715
"GGGTCAGGAGCTAGAT-1","4",9272,5266
"GGGTCGTGGCAAGTGT-1","1",4481,8845
"GGGTCTATCGCTTTCC-1","8",9032,9258
"GGGTGACACCTTAACT-1","1",6996,5334
"GGGTGCATATGAAAGC-1","14",5080,9189
"GGGTTAACATTTGAGT-1","10",7954,4921
"GGGTTTAGGATAGGAT-1","2",6637,8845
"GGTAACCGGGAGGATA-1","5",8314,3338
"GGTACAAACATGCTAT-1","1",6278,5197
"GGTACCATTAAGACGG-1","13",4960,8707
"GGTACGTTGCGGCCGG-1","8",9391,9189
"GGTAGAAGACCGCCTG-1","0",7835,6367
"GGTAGACCGTTGGGCG-1","1",7835,5128
"GGTAGTGCTCGCACCA-1","2",5559,6436
"GGTATAGTGACACATA-1","14",5559,9326
"GGTATTGCCGAGTTTA-1","7",5439,5128
"GGTCAAGACTACTTCG-1","2",7835,8707
"GGTCAGTGGGTCCCAC-1","0",7236,5747
"GGTCGGATAAACGGCG-1","1",4242,8156
"GGTCGGCCAGGAGCTT-1","2",5320,7262
"GGTCGGTCGTCCACAG-1","10",8194,5059
"GGTCGTAAGCTCGCAC-1","11",7356,2788
"GGTCTCCGTCCAGGTT-1","8",9032,8432
"GGTCTCTGAATGGACT-1","4",7715,3820
"GGTCTGAGAATCTGGA-1","1",5080,6986
"GGTCTTGAGCGCTCTT-1","10",9272,5954
"GGTGAAGTACAGGGAT-1","6",7116,4027
"GGTGATAAGGAGCAGT-1","0",5918,6917
"GGTGCAGAGCCTATCG-1","3",2924,8638
"GGTGCTGGTACACATT-1","1",6517,4646
"GGTGGACTGCTCTGGC-1","0",8074,7330
"GGTGTAAATCGATTGT-1","9",9751,5954
"GGTTACCACCCTCGGG-1","6",6877,3751
"GGTTAGCTATATGTCT-1","0",7116,7468
"GGTTAGGCTTGGAGAA-1","3",4841,3958
"GGTTCGGATTATACTA-1","5",6158,1962
"GGTTCTACTCGTCTGA-1","13",6158,8707
"GGTTTAATTGAGCAGG-1","14",4601,9464
"GGTTTACAATCTCAAT-1","7",4481,6504
"GGTTTAGCCTTTCTTG-1","2",6996,8501
"GGTTTCAATCGGTCAG-1","0",5439,7743
"GGTTTGACAAGAAGCT-1","3",2924,9189
"GGTTTGTGACCTGAGG-1","8",8793,8707
"GTAACATCTAAGATAA-1","2",8194,9051
"GTAAGCGGGCAGTCAG-1","6",4242,5816
"GTAAGTAACAGTCTGG-1","0",6278,7124
"GTAAGTAGGGTATACC-1","4",4601,3958
"GTAATAAAGGGCTCCC-1","13",5200,8569
"GTAATCTGATTCTTCG-1","6",7475,4508
"GTACACTTACCTGAAG-1","2",5799,5885
"GTACAGAGGCAAGGGT-1","0",5918,7193
"GTACGAGATTGCGACA-1","3",4002,5403
"GTACGCTTCATTGCAC-1","0",6996,6436
"GTACGTCACGTATTAA-1","4",2805,8845
"GTACGTTTGCCCGTCA-1","0",6757,6160
"GTACTAAGATTTGGAG-1","6",4721,5265
"GTACTCCCTTATCGCT-1","3",5799,3407
"GTACTCCTGGGTATGC-1","1",4601,8500
"GTACTGGAGTTAGACC-1","0",5439,7055
"GTAGACACGCCTGACT-1","10",9032,6092
"GTAGAGGGAGACAAGT-1","4",7595,3614
"GTAGCCAAACATGGGA-1","0",7475,6298
"GTAGCGGCTATACACT-1","0",6158,6229
"GTAGCTTCCTCTTGTT-1","2",5200,7606
"GTAGGTGATCCGTGTA-1","3",3523,6917
"GTAGTCGCGGGAATCA-1","0",7356,7055
"GTAGTCTACGATATTG-1","9",9032,6780
"GTAGTGAGCAACCTCA-1","8",9751,9258
"GTATAGGACTCAGTAG-1","3",3883,5472
"GTATCAAACGTTAGCT-1","2",8074,8156
"GTATCCTTTGGTAACC-1","8",9152,7812
"GTATCTCAGTCTTGAC-1","5",8434,2994
"GTATCTTTCATAACCA-1","0",6996,6023
"GTATGAAATTTCACTC-1","11",7715,2994
"GTATGTGGGTCTAGTT-1","0",6038,7812
"GTATTCTGAGAAACGA-1","6",7236,4095
"GTCAAAGAAGTGGTGT-1","5",8194,2719
"GTCAACCAGGCCTATA-1","8",9272,8569
"GTCAAGCGGACTCGGG-1","0",6158,6780
"GTCAGAATAGTCTATG-1","3",5080,3682
"GTCATGCACCTCCGTT-1","7",4960,5678
"GTCATGCGCGAGGGCT-1","8",9152,8225
"GTCATGGACATGACTA-1","7",4601,5747
"GTCATTAGAGCGAACG-1","0",5918,6091
"GTCCAATATTTAGCCT-1","2",9272,5128
"GTCCATTACTGCTACG-1","2",6517,8776
"GTCCCAACGTAAAGTA-1","2",5439,6504
"GTCCCAATCATCCCGC-1","5",6517,1618
"GTCCCGCGACGTTATG-1","9",8433,7124
"GTCCGGACCTGAAATT-1","0",7954,7537
"GTCCGGCTGAATTGCG-1","6",4841,5059
"GTCCGGGTTCACATTA-1","9",9751,6367
"GTCCTACGAATAGTCT-1","2",7835,7743
"GTCCTACTCTACGGGC-1","5",7955,1893
"GTCGCCGTTGTGTGTT-1","10",8314,4440
"GTCGCGTAACCCGTTG-1","0",6158,6642
"GTCGGAAGGATACCAG-1","3",3044,9395
"GTCGGATATCTCAGAC-1","6",5320,3958
"GTCGGATGTAGCGCGC-1","3",3523,6780
"GTCGGGAACATGGTAG-1","5",6278,1755
"GTCGGGAAGCAGAAAC-1","9",8553,5954
"GTCGTACCATCTCGGG-1","0",6996,5747
"GTCGTACCTACGATTG-1","4",5919,2099
"GTCGTATTGGCGTACA-1","6",3763,8019
"GTCGTGTCTGGTCATC-1","10",4840,9051
"GTCGTTATTCGCTTAT-1","0",6996,6711
"GTCTAGTGAGCCGCTT-1","8",9392,7812
"GTCTATCTGAGTTTCT-1","7",6278,4371
"GTCTATTGCATGCTCG-1","8",9272,8707
"GTCTATTGGTTCCGGT-1","0",7475,7675
"GTCTCAAGGCCCGGCT-1","9",8673,6023
"GTCTCCCGAGTCCCGT-1","10",10110,9051
"GTCTCCTGCCAGTATG-1","5",8553,2375
"GTCTCGACTAAGTTTG-1","2",4481,9120
"GTCTCGATCTGCTTTC-1","6",3882,6986
"GTCTGGGCGGTCGAGA-1","1",6996,4508
"GTCTTACCACGCCAAG-1","10",10350,9327
"GTCTTGTAGCTATTCA-1","2",6757,9189
"GTGAAACGGCGCCACC-1","7",4361,7537
"GTGAACTCCCATTCGA-1","13",5080,8638
"GTGAAGATTTCAAGTG-1","7",4002,8569
"GTGAAGCCGTATAGTC-1","7",4002,8845
"GTGAAGTCACGACTCG-1","11",7356,1962
"GTGACAGCTTCCCACT-1","2",9152,6573
"GTGACCGCACACTACG-1","0",6158,7743
"GTGACGAGGGTGACCC-1","14",5320,9326
"GTGACGCAGGTTTCAT-1","8",9272,6642
"GTGACTTCAGTAGTGC-1","1",6996,4921
"GTGAGCGTGCTGCACT-1","4",5439,3201
"GTGAGGACACTTAAGG-1","0",6397,6780
"GTGAGGAGCGGTTGAG-1","4",3044,7468
"GTGAGTCGACTAATAG-1","8",9990,9258
"GTGAGTGGTACAACGC-1","1",7715,5334
"GTGATCACTAACGCCT-1","2",7116,8156
"GTGATCATAGATCTGC-1","2",6877,5403
"GTGATCCTTGTCATGA-1","9",8912,7262
"GTGATGCACAACATCT-1","4",2924,8087
"GTGATTCGCCGCTCAA-1","6",7236,4233
"GTGCACCAGCTTCAAC-1","4",9392,5197
"GTGCACGAAAGTGACT-1","4",3523,6367
"GTGCCATCACACGGTG-1","6",6517,3820
"GTGCCCGTTCGGATTC-1","0",6158,7330
"GTGCCGCTTCAAAGGT-1","7",6757,4508
"GTGCCTGAGACCAAAC-1","10",9751,7606
"GTGCGAAATCGAACAC-1","7",6877,4440
"GTGCGACAGGGAGTGT-1","0",5799,8363
"GTGCGGGTCTCCAAAT-1","3",3883,5334
"GTGCGTGTATATGAGC-1","0",6397,7193
"GTGCTCAAGTACTGTC-1","1",5559,5059
"GTGGAACCTACATGCG-1","4",3284,7055
"GTGGACCAACCCGATT-1","3",6877,3476
"GTGGACGCATTTGTCC-1","9",8194,5885
"GTGGAGCGTTTACCGA-1","5",8434,2581
"GTGGAGTCGGCGGTTG-1","4",7954,4096
"GTGGCAAACAGCGGCA-1","11",7475,2857
"GTGGCGGTCCCAGCGT-1","4",6278,2857
"GTGGCTGTTTCTGTTC-1","10",9871,7812
"GTGGGAAGACTGAATC-1","5",6877,2512
"GTGGGCTTAGACACAC-1","3",4960,4164
"GTGGGTACTGAGCGTA-1","11",7476,1618
"GTGGTATAGTCTGCCG-1","10",8314,4302
"GTGGTGGCCAAGTGAA-1","0",6877,6917
"GTGGTTACTTCTTTCG-1","13",5200,8707
"GTGGTTTCCGCCTTTC-1","6",6517,3682
"GTGTACCTTGGCTACG-1","7",4601,6849
"GTGTATATCAGCGGGC-1","9",8433,6711
"GTGTCGTATAGCGTTC-1","0",7954,6711
"GTGTGAATAACTTAGG-1","0",5439,7193
"GTGTTACTATGCGTCC-1","0",6397,6642
"GTTAAAGTAGGACTGG-1","0",7356,7193
"GTTAACATCACTTAAA-1","0",8074,6505
"GTTAACTATGTTGTCA-1","12",6637,9120
"GTTAAGGGTGCGATGT-1","9",8793,6367
"GTTACAATTGGTGACG-1","6",5919,3751
"GTTACCTACAACTTGC-1","0",7116,6092
"GTTACTTTGGGCCTAG-1","1",6637,4990
"GTTAGCCCATGACATC-1","8",9511,6642
"GTTAGCCGTAAATCAA-1","14",5080,9051
"GTTAGGCTACCCGTTT-1","11",7955,2444
"GTTATAATACGGTGAA-1","2",7835,8845
"GTTATATCAGGAGCCA-1","2",4242,9395
"GTTATATTATCTCCCT-1","1",7236,5334
"GTTATCAAGCTATCGA-1","10",9990,8569
"GTTCACAGGAGTCTAG-1","6",5320,3820
"GTTCATCGTTTGGCTG-1","13",5439,8707
"GTTCGCCATAAGTGCC-1","1",5918,5128
"GTTCGCTGAGACGTCT-1","2",7835,8982
"GTTCGGATCGGGAACA-1","12",6757,9051
"GTTCGGGCGTACCATT-1","2",5320,8913
"GTTCGTCTAAAGAACT-1","0",7595,7606
"GTTGAACCGGTTCCAT-1","7",6517,4233
"GTTGAGTCCCGCCGGT-1","0",7715,6849
"GTTGCACGGAGTTTCG-1","3",4362,4784
"GTTGGACCGCATCAGG-1","1",3882,9464
"GTTGGATTCAGTGGCT-1","6",3403,8087
"GTTGGATTGAGAACAC-1","2",5320,7537
"GTTGGATTTGCGTTGG-1","7",5799,4921
"GTTGGTCATGCTATCC-1","9",8074,5816
"GTTTACGTTCCATCTG-1","0",7236,5885
"GTTTCAAACGAGTTGT-1","8",8793,8982
"GTTTCATATCGTCGCT-1","3",6158,3338
"GTTTCCTGGAGGGTGA-1","3",4481,4853
"GTTTCTAGAGGCGCGG-1","10",9751,7881
"GTTTCTGCAGTCTCCC-1","0",6278,6436
"GTTTGACCAAATCCTA-1","7",5080,5472
"GTTTGGCCCAAGTTAT-1","0",6517,6986
"GTTTGGGCTTGTGAGC-1","0",7595,5954
"GTTTGGGTTTCGCCCG-1","2",9032,7743
"GTTTGGTAGGGTCAAC-1","1",7835,5541
"GTTTGTTAGCCAAGTA-1","11",7835,1686
"TAAACCCAGGAGGGCA-1","4",7954,3958
"TAAAGCGGTATTTCCA-1","4",9032,4853
"TAAAGCGTTAGGAGAA-1","1",4841,7537
"TAAAGCTGCAATAGGG-1","6",3523,8156
"TAAATGCCGTCTCATG-1","4",2805,8569
"TAACATACAATGTGGG-1","0",6038,6298
"TAACATACACGCGATC-1","11",8074,3201
"TAACCTACCGTCCGAG-1","13",5439,8432
"TAACCTAGGGAGTCCA-1","8",8673,8776
"TAACTATTACGCCAAA-1","13",4960,8845
"TAACTCATCCGCGCGG-1","1",6637,4853
"TAAGAGGGACAGGGAC-1","5",9032,2788
"TAAGCCCTTACGACCA-1","3",3164,9326
"TAAGGCAACATAAGAT-1","7",4481,6367
"TAAGGCATAACATCAA-1","10",8314,4853
"TAAGGCCCGTCACCCT-1","9",8913,6298
"TAAGGCTGAATCCCTC-1","2",6876,8156
"TAAGGGCCTGTCCGAT-1","2",8314,8019
"TAAGTAACATCTTGAC-1","7",6996,4233
"TAAGTCGCCGAGTATC-1","4",7954,3683
"TAAGTTGCGACGTAGG-1","2",7835,8019
"TAATAAACAAGGAGAT-1","3",3523,7743
"TAATACACAGTAGTAT-1","3",3882,5885
"TAATACTAGAACAGAC-1","9",9751,6780
"TAATAGAACAGAGTTA-1","4",7475,4095
"TAATAGGTCACCAGAA-1","5",8793,2925
"TAATAGTGACGACCAG-1","1",4721,7193
"TAATCGATCCGTACGT-1","7",4481,7881
"TAATTACGTCAGTAGA-1","8",8912,8501
"TAATTAGGACATCCGT-1","2",6517,8913
"TAATTGGAATCGGGAA-1","6",3523,8707
"TAATTTCCGTCCAGTA-1","5",6278,1480
"TACAACAGCGCATACA-1","4",10469,9120
"TACAACGCACAACTCA-1","1",6398,4853
"TACAAGGGCTTCTTTA-1","8",9631,7950
"TACAAGTCTCGTGCAT-1","4",5200,3338
"TACACAGCCGTGGTGC-1","4",10110,6573
"TACACCTCTTCGAATC-1","10",9990,7744
"TACAGAAACGGTGGGC-1","9",8553,7330
"TACATAGGCATACACC-1","2",6278,5610
"TACATCCCTATCCCTG-1","11",6757,2444
"TACATTTCTAACGTGC-1","1",6158,5266
"TACCAAATAGCCCAGA-1","1",8553,5679
"TACCAATAAAGTACCA-1","0",8074,7193
"TACCAGAAGTAGGTTC-1","7",7356,4990
"TACCGAATAATTGTAA-1","8",9511,7881
"TACCGCGGACTTGCAG-1","0",5439,8156
"TACCGGCTCACTGCCC-1","0",7116,5954
"TACCGGTCGTTTCCAT-1","6",6757,3820
"TACCGTAGGTTAACTA-1","1",8553,5403
"TACCGTGCCTCGGACC-1","0",7595,6229
"TACCTACTCCCAGTAT-1","1",8433,5747
"TACCTATCCCTAGAGG-1","5",6278,1618
"TACCTCAGTTGTCTGT-1","4",8673,4921
"TACCTTAAGATTTCCC-1","4",7356,3476
"TACGAACACGACTTCA-1","7",5200,5128
"TACGACGCTTGCTGCG-1","1",6996,5197
"TACGACTGCCTCTTAG-1","0",6757,6023
"TACGAGAACTTCACGT-1","7",5679,4164
"TACGATGTTGATCATC-1","6",5679,3889
"TACGCAGTTCTTTCCT-1","1",6398,4990
"TACGCCATATTCTAAT-1","2",6278,5472
"TACGCCGAGGGTACCC-1","4",8194,3820
"TACGCCTCCATTCCGA-1","1",8074,5541
"TACGCTATAGAAACCT-1","13",5559,8638
"TACGCTCGGTATTGGA-1","8",8793,9258
"TACGGAAGCCAAACCA-1","9",9751,6505
"TACGGGATGCTAGCAG-1","6",4002,7193
"TACGGGTAATAACATA-1","4",10110,7537
"TACGTAAAGCGGAGTG-1","8",9032,8569
"TACGTGGGCCCAGGGC-1","9",9751,7055
"TACGTTTACCGGCAAT-1","6",6278,3682
"TACTACGTGCAATGCG-1","9",9990,7331
"TACTATGGTTCCTCAG-1","10",8314,4715
"TACTCGTTTGAATCAA-1","4",10110,7399
"TACTCTCCGAACAAAT-1","6",4002,7055
"TACTCTTACTTTACTG-1","8",8553,9120
"TACTCTTTCGTCTTCA-1","10",8434,4646
"TACTGAACAGATTTAG-1","10",8194,4508
"TACTGAGGGAAGAAAG-1","5",8673,1893
"TACTGCAATCAATTAC-1","1",4122,8500
"TACTGGACAGCTCGGC-1","3",5679,3201
"TACTTAAACATGTACA-1","8",9391,8914
"TACTTGTTAGTAGTCC-1","2",5918,7468
"TACTTTACTGAGCCGG-1","2",5080,8087
"TACTTTCCGCACGCCA-1","5",7116,2788
"TAGAAAGGTGGCGCTA-1","1",5200,7055
"TAGAATAGCCGATGAA-1","8",8912,8363
"TAGACGAAACGCCAAT-1","9",9032,6505
"TAGACGCCCGTACCGG-1","0",5320,7675
"TAGACTACCTAGCGTT-1","13",6038,8638
"TAGAGATCATGCAACT-1","4",6757,3270
"TAGAGGTTCTACTTGT-1","2",7954,8088
"TAGAGTCTAAGCGAAC-1","7",4960,5265
"TAGATATGGACTGGAA-1","1",7356,5128
"TAGATGGTTCCTTACT-1","2",8553,8156
"TAGCAGATACTTAGGG-1","2",10230,7881
"TAGCAGTATGACTAAA-1","8",9391,8225
"TAGCCATTTCAAAGTC-1","0",6637,7606
"TAGCCGGCGGTCAGCG-1","0",5439,7330
"TAGCGTCCCTCGATTG-1","12",6876,8982
"TAGCGTCCGGTGTGGT-1","0",7835,6780
"TAGCGTTGGGTCTTAC-1","0",6038,6160
"TAGCTAAGTCCGGGAG-1","7",4960,5403
"TAGCTAGAAGGCATGA-1","6",7595,4990
"TAGCTAGTGATGATGG-1","4",8673,4784
"TAGCTCGCCTGATAAC-1","1",7475,5472
"TAGCTGATGTGAAGCG-1","11",6517,2168
"TAGGAGGCTCGAGAAC-1","10",10230,9395
"TAGGCATGTTACGCCA-1","1",4242,7330
"TAGGCCTATATAGTCT-1","8",9391,9051
"TAGGCGATGAGGTCTC-1","5",8074,2237
"TAGGCTAAAGTGGCAC-1","8",9272,8294
"TAGGGAGCTTGGGATG-1","0",5799,8088
"TAGGGTGTTTCAAGAG-1","3",4122,5197
"TAGGTCGCCGGAACTG-1","13",5320,8363
"TAGGTGACGATAACCT-1","9",8793,6918
"TAGGTGAGCCCTACTC-1","3",4960,3751
"TAGGTGCTCGCCTAGC-1","0",6278,7399
"TAGGTGTTCCACAGAT-1","1",8673,5610
"TAGGTTCGAGTTCGTC-1","2",5679,6091
"TAGTACCACAACTTTC-1","5",9032,2375
"TAGTAGCTTATACCAG-1","2",8793,4440
"TAGTCCGCAGAGAATG-1","1",6158,5128
"TAGTCGATCACGGGTT-1","2",7236,8088
"TAGTCTAACAACGAGA-1","6",6278,3820
"TAGTCTGTGACGTTGC-1","1",4242,8569
"TAGTGCCCTCCAGAGT-1","7",5320,5059
"TATACACAGACGCCTT-1","9",7475,5610
"TATACGCGTCATCACT-1","9",8673,6160
"TATAGATGGTCGCAGT-1","0",6278,8501
"TATAGCGCACGTTATC-1","11",7116,1962
"TATATATCGAGAAATG-1","5",8673,3407
"TATATCCCTGGGAGGA-1","0",5799,8225
"TATATTACAAATGTCG-1","6",3523,8845
"TATCACCCAACCGACC-1","1",4361,8363
"TATCACTTCGAGTAAC-1","6",3523,8294
"TATCAGTGGCGTAGTC-1","5",7955,2031
"TATCCAATTGGTTATC-1","0",8074,6918
"TATCCATCTCGGTTAG-1","5",8793,2650
"TATCCGCACCGTCGGG-1","10",8553,5128
"TATCGATCTATGCATA-1","7",4122,7537
"TATCGATGATTAAACG-1","3",4242,4852
"TATCTACCACAGCGGG-1","0",6517,5610
"TATCTGAGCCGATATT-1","5",9152,2031
"TATCTTGCAATACAAC-1","5",8194,2581
"TATGAAGAATTAAGGT-1","8",9511,8294
"TATGACCTTGCGCTGG-1","11",7236,1480
"TATGATCCGGCACGCC-1","2",4601,9189
"TATGATCTTCTCTTTA-1","0",8433,7675
"TATGCTCCCTACTTAC-1","6",4481,5678
"TATGGATGTGCTACGC-1","6",4601,5197
"TATGGCCCGGCCTCGC-1","3",5080,3545
"TATGGGACCGAGCAGG-1","1",5799,5334
"TATGGGTACGTATCGT-1","7",5320,5472
"TATGGTCTGAGTAACA-1","1",5799,5472
"TATGGTTAGTGGGAGA-1","2",6397,8707
"TATGTAGAAACCCGGC-1","5",8793,1962
"TATGTCAAGACCGACT-1","6",3882,7812
"TATGTCTCATTGTGCC-1","1",5080,7124
"TATTAACACCAAAGCA-1","5",7955,2168
"TATTAACCTGACCGCG-1","10",8314,4577
"TATTACCATCCTGCTT-1","0",6038,8088
"TATTATGTTTGCCTGC-1","5",8314,2650
"TATTCAATTCTAATCC-1","2",5559,6573
"TATTCCACTCAGCTCG-1","1",7356,5403
"TATTCCGAGCTGTTAT-1","0",7954,7399
"TATTCCTCCGCCCACT-1","4",7236,3683
"TATTCGTGCCAGAATA-1","1",5559,5885
"TATTGCCGGGCTTGTA-1","8",9511,9258
"TATTTAGTCTAGATCG-1","4",3643,5472
"TATTTATACCGAGTAG-1","3",3403,6849
"TATTTGTTACCCTTTA-1","3",4362,4646
"TCAAACAACCGCGTCG-1","6",4362,5610
"TCAAACTTAGATTGTT-1","1",5200,5954
"TCAAAGAGCTATCTGT-1","11",7356,1824
"TCAAATTGTTGTGCCG-1","9",9631,6849
"TCAAATTTGAGACTCA-1","9",8673,6298
"TCAACAAAGATAATTC-1","5",7835,3476
"TCAACATAGCGCCCTA-1","10",8434,4508
"TCAACATCGACCGAGA-1","5",6757,2581
"TCAACCATGTTCGGGC-1","3",4481,4990
"TCAACGAGGAGACAAA-1","10",6517,5334
"TCAACGCAGGAAATAA-1","4",7356,3614
"TCAACGCGACCGGCAG-1","4",6158,3063
"TCAACTGCAGAGTCAG-1","2",8194,8914
"TCAAGAAATACTAGCT-1","2",5559,8913
"TCAAGCGCGGACGGTA-1","2",8433,9327
"TCAAGGTTACTACACC-1","2",7116,8569
"TCAATACGCCGTCATG-1","10",9032,5679
"TCAATCCGGGAAGTTT-1","10",10350,8638
"TCACAAACCGAGGTAC-1","8",8793,8019
"TCACAGCAAACTCGAA-1","3",7595,4853
"TCACAGGAGAATAAGA-1","10",8074,4853
"TCACAGGGAATCGCAA-1","0",7116,6917
"TCACAGGTTATTGGGC-1","7",5320,4784
"TCACCCTCTTAAGATT-1","0",6877,5541
"TCACCGCTCGGCACTC-1","2",5080,7812
"TCACGATGTCCGTGGA-1","5",7715,3407
"TCACGCATTGTAGATC-1","7",5439,4853
"TCACGGTCATCGCACA-1","4",4242,4577
"TCACGTGCCCGATTCA-1","2",6038,5747
"TCACTACGACCAATGC-1","3",3044,8019
"TCACTATCCCTTCGGT-1","10",10110,8638
"TCACTCGTGCAACGGC-1","3",3284,7881
"TCAGAACCTCCACAGG-1","13",5080,8776
"TCAGACGCTATAGAAG-1","0",7236,6436
"TCAGCAAATGCATCTC-1","1",5200,6504
"TCAGCCAATCCGTAAA-1","8",9032,8707
"TCAGCTTGAGCTTTCG-1","5",8913,1618
"TCAGGGTGTAACGTAA-1","7",4841,6436
"TCAGGTTCTTTGAGAA-1","6",5080,4371
"TCAGTACTGACCCGCG-1","4",4601,3820
"TCAGTAGGGACTATAA-1","7",6996,4784
"TCAGTGTATACGTCAT-1","4",8434,3958
"TCATATGAGCTTTGTT-1","10",9152,5747
"TCATCCTCAGCTGCTT-1","8",9631,7675
"TCATCGACGACCGTCG-1","9",9871,7262
"TCATCGATGGTCCCAA-1","5",8314,3476
"TCATGCAGGTTCTCAT-1","3",3643,7261
"TCATTTAAGTCTCCGA-1","0",5679,8294
"TCATTTAGAAGTGTGA-1","2",7954,9051
"TCCAACTCAGCTATCT-1","8",9511,7744
"TCCAACTTTAAATTCT-1","1",6278,4233
"TCCAAGCCTAGACACA-1","8",9511,6918
"TCCAATAAAGGCTACC-1","4",9032,5128
"TCCACAATGGTTTACG-1","3",5080,3958
"TCCACATCGTATATTG-1","9",9751,6092
"TCCACCAAGACATAGG-1","10",10110,8914
"TCCACCTCTAGCCTTT-1","10",8793,5128
"TCCACTTTATCTAGGT-1","1",5200,6917
"TCCAGAGCACCGGTTC-1","0",6278,6298
"TCCAGATGTACGCCAA-1","2",4361,9326
"TCCAGGCGAGTACGGT-1","7",5200,5403
"TCCAGGGTATATACGA-1","1",8793,5816
"TCCATCAATACTAATC-1","5",9152,2444
"TCCCAAACAGACAACG-1","1",4122,9051
"TCCCAAAGACGAAGGA-1","7",4601,5610
"TCCCACTCTCTTCCGG-1","2",5200,8845
"TCCCAGCTTTAGTCTG-1","1",5559,5334
"TCCCAGGCTTAGCTAA-1","7",5080,4784
"TCCCGCGTACTCCTGG-1","7",4721,6229
"TCCCGGGTGTGCTGCT-1","6",5559,3820
"TCCCGTCAGTCCCGCA-1","6",4242,6642
"TCCCGTCGCGTCATAG-1","14",4960,9395
"TCCCGTGTGCAATTTG-1","0",6757,6986
"TCCCTAGATCAATAGG-1","14",4840,9326
"TCCCTGGCGTATTAAC-1","5",8434,2719
"TCCCTGGCTCGCTGGA-1","3",5439,3338
"TCCCTTAGATTACTCG-1","3",3643,7399
"TCCGAAGTAGTCACCA-1","3",3164,9051
"TCCGAATGGTCCTGAG-1","14",5200,9258
"TCCGATAATTGCCATA-1","4",3643,5885
"TCCGATGACTGAGCTC-1","6",4122,6711
"TCCGATGGTGCGACAT-1","6",4481,5128
"TCCGATTACATTGCCG-1","3",5320,3682
"TCCGCCTGTCTACAAG-1","0",8194,6573
"TCCGCGGCAGCATCTG-1","0",5559,7262
"TCCGCGGCCCAATGAA-1","2",7835,8294
"TCCGCTGTCATCCCGG-1","0",7116,7055
"TCCGCTTATCCCATTA-1","0",7475,5885
"TCCGGAGGAAGGGCTG-1","3",3164,8913
"TCCGGCCTAGCGTACA-1","2",4841,8225
"TCCGGGCTTGACGGGA-1","8",9391,8088
"TCCGGTTCGTCCGGTC-1","6",7595,5128
"TCCGTTAAGCTAATAT-1","2",7715,8363
"TCCGTTTAGCCTTGAA-1","1",4960,7606
"TCCTAAAGATTCAGAC-1","9",9631,7262
"TCCTAAATTGGGAAGC-1","0",8194,6298
"TCCTAACCGTCGGGCA-1","2",8913,4646
"TCCTACATCCACGGCC-1","0",6996,7262
"TCCTAGCAAAGAAGCT-1","7",6398,4302
"TCCTCCTAAGACATTC-1","5",7116,2925
"TCCTCGGGCTGGGCTT-1","0",6278,6711
"TCCTCTACGAGATGGC-1","4",4601,3682
"TCCTGCCAACTGGAGA-1","4",2924,7674
"TCCTGCGTTGATACTC-1","6",6038,3545
"TCCTGGCGCTGCCTGG-1","3",2924,8776
"TCCTTACGACGGTCCG-1","2",7356,8019
"TCCTTCAATCCCTACG-1","5",6398,1549
"TCCTTGTCCTTTAATT-1","9",9751,6229
"TCCTTTAAATCCGCTT-1","0",8194,7812
"TCCTTTCTTACGCTTA-1","1",5080,5747
"TCGAAATTTAGGACCA-1","6",4960,4577
"TCGAAGAACCGAGCAC-1","2",6876,8294
"TCGAATATCCCGCAGG-1","4",8434,3683
"TCGACAACTGAACCCG-1","5",8314,2512
"TCGAGACCAACACCGT-1","1",5918,5266
"TCGAGTCTACGATTCG-1","5",8194,1618
"TCGCAAAGATGCATTT-1","0",7116,6642
"TCGCACCAGGAGGCAG-1","0",7475,6986
"TCGCATAAAGGGCGCA-1","8",9032,9120
"TCGCCGAAGTTGCGTC-1","6",6877,4027
"TCGCCGACATATTCGC-1","8",9392,7399
"TCGCCGCACCGCGTGA-1","11",6996,1893
"TCGCCGGTCGATCCGT-1","3",3763,5678
"TCGCGTAGCAGTGTCC-1","4",8314,8294
"TCGCGTCCAGAAGGTC-1","3",5200,3476
"TCGCTAAACCGCTATC-1","6",3763,7606
"TCGCTACTGGCTTTGA-1","8",9272,6505
"TCGCTCGATATATTCC-1","7",4960,5816
"TCGCTCGGCACCAGCG-1","1",4361,8913
"TCGCTGCCAATGCTGT-1","9",9631,6986
"TCGCTGGGCGGATTGT-1","1",4841,6573
"TCGCTTTAAACGTTTG-1","1",4481,7468
"TCGGAATGCGCTCTGA-1","4",5080,3407
"TCGGACGCCCAGCCCA-1","2",5439,6917
"TCGGAGAGTATCGGGA-1","5",6877,3063
"TCGGAGTACATGAGTA-1","1",5320,6573
"TCGGCGAACCCAAACC-1","2",7356,8707
"TCGGCGTACTGCACAA-1","11",7356,2375
"TCGGCTTGTATCGACG-1","2",8433,8088
"TCGGGAACGTGCCTAG-1","14",5200,8982
"TCGGGAGACAGCGTAC-1","0",8553,6367
"TCGGGCCGTCGTGGTA-1","0",6278,7537
"TCGGTCCCGACAATAG-1","5",8314,3063
"TCGGTGACCGCTCCGG-1","6",3284,8982
"TCGTAAGACGACATTG-1","7",4721,6780
"TCGTAAGCTCCGAGGA-1","6",3403,8776
"TCGTACCGACGTCAAG-1","4",9631,5334
"TCGTATTACCCATTGC-1","3",5919,3201
"TCGTCAAGTACGCGCA-1","4",8194,4096
"TCGTCTTAGGCGTTAA-1","0",7835,7193
"TCGTGTACTATGGATG-1","10",7116,6780
"TCGTGTCACGCTGACA-1","4",6637,3063
"TCGTGTTCGACCACAA-1","2",8314,8707
"TCGTTAGGAGTCCCTA-1","7",7715,5197
"TCGTTGCTATCCGGTC-1","10",7954,4646
"TCGTTTACGCGACCCT-1","10",9871,7950
"TCTAAAGAACAGTCTC-1","11",7715,2168
"TCTAACCTAGCCTGCG-1","10",10350,9189
"TCTAATACTGCCTCAG-1","5",8314,3201
"TCTACCCAATAGAGAG-1","2",8194,8776
"TCTACCCGCATCATTT-1","10",10469,9258
"TCTACCGTCCACAAGC-1","7",4721,6091
"TCTAGCAATCTCCGCC-1","3",6996,3545
"TCTAGCATCTTCGATG-1","4",4242,4440
"TCTAGCATGCCCAGAA-1","0",7236,6023
"TCTAGGTGGCGACGCT-1","2",4960,8294
"TCTAGTGATATCGTGG-1","2",6757,8225
"TCTAGTTATCAGAAGA-1","7",5559,5197
"TCTATAGGTGGGTAAT-1","8",9272,8982
"TCTATCGGTCGCAACA-1","3",4122,5885
"TCTATGCTATAACGAC-1","8",9152,7950
"TCTATTACTAGAGGAT-1","5",6398,2512
"TCTCAAATCAATCGGG-1","10",9990,7606
"TCTCATGAGATAGGGT-1","0",7356,7468
"TCTCCAACGTAGGTTA-1","6",3882,6849
"TCTCCACAAGTTGAAT-1","9",8793,7881
"TCTCCCTGGGCAGCGT-1","0",7954,6986
"TCTCGAACGAGGTCAC-1","4",2924,7950
"TCTCGACGTATCGCCG-1","2",6876,9258
"TCTCGAGGAGGTTCGC-1","2",7715,9189
"TCTCGTGTTACGAGGA-1","11",6877,1824
"TCTCTAATAGCTGGTA-1","4",3883,5059
"TCTGAACTCGTACCCG-1","0",7116,8019
"TCTGAAGCACGTGGTC-1","0",8194,7262
"TCTGAATTCCGTACAA-1","0",5559,7950
"TCTGAGCAATTGACTG-1","2",7954,9189
"TCTGATGTATTCTGTC-1","0",7595,7193
"TCTGCATACCTTGCTT-1","8",8793,8294
"TCTGCCAGAAACTGCA-1","0",6397,6917
"TCTGGGAACCTTTGAA-1","0",6278,8225
"TCTGGGTAGCGCTCAT-1","7",6278,3958
"TCTGTGCCATCATAGT-1","2",5320,6986
"TCTGTTACCCAGCATA-1","4",7595,3889
"TCTTACCGGAACTCGT-1","7",4002,7743
"TCTTACTTATGCCTCT-1","0",6876,7881
"TCTTAGAGCTCCAATT-1","2",6278,8913
"TCTTAGAGTGAACTCT-1","2",6637,8294
"TCTTCCCATGGGCACA-1","0",5320,8088
"TCTTCGAATAGACGTT-1","0",6158,6367
"TCTTCGATACCAATAA-1","1",5320,6023
"TCTTCTATAACCCGCC-1","12",6876,8845
"TCTTGATGCGTAGCGA-1","1",5320,6160
"TCTTGCTCCCGATACT-1","10",9272,6092
"TCTTGGTAACACCAAA-1","3",4002,5954
"TCTTTAAGACTATGAA-1","0",5559,8225
"TCTTTAGAGTCTAACA-1","12",7475,9327
"TGAAAGGACCTGACTC-1","0",5679,7193
"TGAACTGCTATGACTT-1","5",6158,1549
"TGAATACCGACGCGTA-1","9",9392,7124
"TGAATATGCTATAAAC-1","6",3403,9326
"TGAATGTCAGCCGGCC-1","12",7116,8982
"TGAATTTCACTTGCCT-1","5",6517,1755
"TGACACTTCTCTTTGC-1","6",3403,8500
"TGACAGGACAAGTCCA-1","5",8074,2099
"TGACATATATGACGAT-1","4",6038,1618
"TGACATCGAGCGGACC-1","0",5679,8432
"TGACATGTAACGTGAC-1","9",9751,5816
"TGACCAAATCTTAAAC-1","10",9392,5747
"TGACCCACGTTAGACA-1","7",5439,4715
"TGACGAATATTTCCCT-1","5",6757,2994
"TGACGATGCACTAGAA-1","0",5918,8019
"TGACTATAATCCTTTC-1","0",6996,6160
"TGACTCCGAATCATAC-1","5",8913,2581
"TGAGACGTACCTCTCA-1","5",6158,1824
"TGAGAGATTTACCACG-1","0",6397,7743
"TGAGATTAGGCCCTAA-1","6",3403,7950
"TGAGCCATACAGTCTC-1","7",6517,4095
"TGAGCGGAAAGTGTTC-1","0",8074,5954
"TGAGCTTTAATGACGC-1","6",3763,7330
"TGAGGAGTGCCAGCTT-1","1",8433,5472
"TGAGGCATGTACTGTG-1","5",8194,2031
"TGAGTAAATTAGCGTA-1","1",7116,5403
"TGAGTGCCTCTTAAAT-1","7",6877,4302
"TGAGTGGTCCGTGACG-1","1",5080,7262
"TGAGTGTAACAACGGG-1","10",10230,8707
"TGAGTTAAAGACATTC-1","12",7236,9189
"TGATACATTTAGCCGT-1","10",8074,4440
"TGATCAGGGAACTGCT-1","4",6517,3132
"TGATCCCAGCATTAGT-1","2",4721,8845
"TGATCGGTTTGACCCT-1","7",4841,5197
"TGATCTACGCTGATCT-1","6",3403,8363
"TGATCTATCACACTCT-1","10",10110,7812
"TGATCTCCGGCGCCAG-1","6",4841,4921
"TGATGGCTGTTTCTGA-1","14",5080,9326
"TGATGTCAATTAAGTG-1","2",8553,8569
"TGATTATGGCACGCAG-1","3",3044,9120
"TGATTCAGGTCCCGCG-1","11",7236,2031
"TGATTCCCGGTTACCT-1","4",9152,4921
"TGATTCGTCTATCACT-1","6",5200,4302
"TGATTCTGTCGCCGGT-1","6",7236,4508
"TGATTTATTAGCTGTG-1","6",6038,3820
"TGCAACCCATCTGCGG-1","9",8673,7675
"TGCAACTACTGGTTGA-1","10",9751,7744
"TGCAAGAATGACGTAA-1","7",5080,5610
"TGCAATCTAACACGGT-1","2",8912,7675
"TGCAATTTGGGCACGG-1","3",3164,8638
"TGCACAGTGAAGTTAT-1","3",2924,8363
"TGCAGAACTATATCGT-1","4",6517,2994
"TGCAGAGTACCGAGCA-1","1",6038,4646
"TGCAGATCGTCCTAGG-1","5",6517,2719
"TGCAGCTACGTACTTC-1","5",6517,2581
"TGCAGGATCGGCAAAG-1","7",4362,6573
"TGCAGTTTCCTCCCAT-1","0",6278,7675
"TGCATATGTCTGTCAC-1","0",5679,7330
"TGCATGGATCGGATCT-1","3",3763,6091
"TGCATGTGGTAATCTA-1","1",4960,7055
"TGCCAAAGTCAGACTT-1","5",6637,2788
"TGCCAATGGGTACTCT-1","10",7954,5059
"TGCCACACTAGAGGAA-1","11",6637,1686
"TGCCACCTGGCGAAAC-1","3",3882,6711
"TGCCAGTACGTGGAGA-1","0",7595,6367
"TGCCATTACTAAAGAA-1","6",4002,7468
"TGCCCGATAGTTAGAA-1","9",10110,6849
"TGCCCGTACCGTTAAA-1","0",6877,6642
"TGCCGTGGATCGTCCT-1","9",8314,5816
"TGCCGTGGGACCCAAT-1","4",9990,6092
"TGCCGTTCTTAATCGG-1","4",8314,1549
"TGCCTAATTGAAGATT-1","2",8074,8707
"TGCCTGATCAAACGAT-1","3",3882,6298
"TGCCTTGGCCAGGCAA-1","0",7715,7124
"TGCGAATATGGGATTT-1","11",6877,2375
"TGCGACACCCTAGTGC-1","7",6996,4646
"TGCGAGAATATTACCC-1","3",7475,4233
"TGCGAGATGGCGGCCA-1","4",2805,9395
"TGCGAGCCCTTCCGCG-1","3",2924,8500
"TGCGCAAAGCATTTGG-1","1",5200,6091
"TGCGCGATTAACGGAG-1","3",4721,4302
"TGCGGACTTGACTCCG-1","9",9631,6711
"TGCGGAGTAAAGGTGC-1","6",4122,6298
"TGCGTAAGAACCTGAT-1","7",6637,4440
"TGCGTACGGCTAATTG-1","8",9511,8432
"TGCGTCATGACTGAGC-1","11",7835,2925
"TGCGTTTGTTGACACT-1","0",6517,6711
"TGCTAAGTGTCTATTT-1","0",7715,7675
"TGCTCCACAGTTCTTA-1","0",6876,8019
"TGCTCGGCGAAACCCA-1","1",8314,5679
"TGCTCGGTGGGTCACC-1","8",9392,6436
"TGCTCTTGAGAGTTTG-1","8",9152,6298
"TGCTGTTGAAGAACTC-1","0",6038,6023
"TGCTTCCCAAGCAGTA-1","1",8913,6023
"TGGAACCACTGACACA-1","1",4361,8500
"TGGAAGAAGGGAACGT-1","6",6158,3889
"TGGAAGGATAAAGATG-1","3",3882,6160
"TGGAATATCCTTGACC-1","1",4242,8845
"TGGACCAATCTAAGAT-1","9",8912,6986
"TGGACGCAATCCAGCC-1","5",8434,2857
"TGGACTGTTCGCTCAA-1","0",5918,6504
"TGGAGTGATGCGATGA-1","6",4960,4302
"TGGCAAACTAAATTAC-1","0",7475,6849
"TGGCAACTCGCGCGCC-1","7",4122,7399
"TGGCAAGCACAAGTCG-1","4",9392,5334
"TGGCAATGGGACGGCG-1","2",7954,8776
"TGGCAGATTACGATCA-1","0",6757,5472
"TGGCAGCAGTAATAGT-1","2",6158,5679
"TGGCATGAAGTTTGGG-1","5",8194,2306
"TGGCCAAACTGAAGTA-1","1",4841,6711
"TGGCCAATTTGGTACT-1","11",7356,2237
"TGGCCGTATATTGACC-1","3",4601,4095
"TGGCGACTGCTCCAAA-1","10",8074,4715
"TGGCGATCAAGTTATG-1","1",7595,5266
"TGGCTACACTCTACCT-1","8",9152,8363
"TGGCTATGTGACATAC-1","9",8673,7124
"TGGCTCTTGTCGCGTA-1","11",6517,2306
"TGGCTTATGTATAATG-1","5",8074,1549
"TGGCTTGTACAAGCTT-1","6",3403,9464
"TGGGATGCACTCATTC-1","4",2924,8225
"TGGGCAATAGTTGGGT-1","12",6996,8914
"TGGGCCACAAGAGCGC-1","3",3643,6436
"TGGGCCCATACTAATT-1","0",7116,7606
"TGGGCGATACAATAAG-1","9",9631,5747
"TGGGTGCACAAGCCAT-1","9",9751,7331
"TGGGTGGGATGTCATT-1","4",2685,9189
"TGGGTGTAATAGATTT-1","8",9631,8501
"TGGTAAGCAGGATTGA-1","5",6398,2237
"TGGTAGAATATATGGG-1","2",7236,8363
"TGGTCCCACGCTACGG-1","0",7715,6573
"TGGTCGTGCAAGGCAA-1","5",6398,1962
"TGGTCTGTTGGGCGTA-1","6",5919,3476
"TGGTTAACTTACATTT-1","5",8673,2031
"TGGTTAAGGGCGCTGG-1","14",4601,9326
"TGGTTCAACGGGTAAT-1","0",7475,6573
"TGGTTCGTAGCAAAGG-1","3",4242,5265
"TGGTTTAAACGTGGGT-1","2",4361,9189
"TGTACCTACACGAGGG-1","9",8553,7743
"TGTACGAACAAATCCG-1","1",6038,5472
"TGTACTTCCGGGCATG-1","8",9871,9327
"TGTAGCCAATTCCGTT-1","9",9990,7055
"TGTAGCCATCCCATTC-1","8",8912,9189
"TGTAGGAGAAATTTCC-1","0",5559,7399
"TGTAGTGATCTATAAT-1","6",5679,3751
"TGTATAACAGATCCTG-1","1",4960,6917
"TGTATCAGACTGAAGC-1","4",2685,9051
"TGTATGGCGCAGACAG-1","0",6637,7881
"TGTCATTTGTTGGGAA-1","1",4002,8982
"TGTCCACGGCTCAACT-1","8",9272,8432
"TGTCCTAAGTCACCGC-1","3",5559,3545
"TGTCGTTATCACATAT-1","5",8793,2512
"TGTGACTACGCCAGTC-1","6",4002,6504
"TGTGACTAGAGTTTGC-1","8",9631,9051
"TGTGAGACTAGCCCAA-1","1",8553,5816
"TGTGCCAGAGGCAAAG-1","5",7955,1480
"TGTGCCGGTGCCGGAA-1","2",7835,8156
"TGTGGCAAAGCGTATG-1","1",4960,7468
"TGTGGCGGGCTTCTGG-1","10",9272,5541
"TGTGTCGAAGTCGAGG-1","5",6517,1480
"TGTGTGACCATGAATC-1","11",7236,1618
"TGTTATTGTATGTGGC-1","0",6757,7399
"TGTTCCGCTTCCATGA-1","7",5799,4508
"TGTTCCGGCCTGAGCT-1","9",9871,6023
"TGTTCGTATTGCGGTG-1","0",7356,5679
"TGTTCTTCCATTGACT-1","1",5439,4440
"TGTTGTCAAGAAGTCT-1","7",4361,7124
"TGTTTCTGAAGCGTGC-1","5",9032,1962
"TGTTTGAGATCGTCAG-1","12",7355,9395
"TTAAACTCGAATTCAT-1","2",5200,8019
"TTAAAGTAAGTCGCCA-1","8",9751,8707
"TTAACCAACCCTCCCT-1","4",3763,5265
"TTAACGAACAAGCAGT-1","1",4122,9326
"TTAACTTCAGGTAGGA-1","5",6996,3270
"TTAAGATAGGATTGAC-1","2",6637,8432
"TTAAGCGCCTGACCCA-1","6",5080,4508
"TTAAGGCCCGTACTTT-1","5",8553,3201
"TTAAGTATTGTTATCC-1","8",9152,7675
"TTAATCAGTACGTCAG-1","3",3643,6711
"TTAATGTAGACCAGGT-1","1",5080,6160
"TTAATTGCTTTGGGTG-1","0",8912,6711
"TTAATTTCAGACGCGG-1","4",3523,6229
"TTACAACTACGCATCC-1","3",4362,5059
"TTACACGATCTGCGAC-1","8",8912,9051
"TTACAGACCTAAATGA-1","1",4601,8087
"TTACATGCCACAACTA-1","2",6397,8569
"TTACCATTGATTACCC-1","3",5559,3407
"TTACCCATTGCCGGGT-1","3",3523,7330
"TTACCCTAGGGATTGG-1","10",8673,5472
"TTACGGATGGTTCGAG-1","0",5439,7881
"TTACTAAAGGACTTTA-1","0",7236,6849
"TTACTCCGGCCGGGAA-1","0",5559,6849
"TTACTCTGGTACGTAC-1","6",6637,3614
"TTACTGGGATATTTCA-1","1",6757,5197
"TTACTGTCTAGAGCTC-1","7",3763,9395
"TTAGAAGAACATGACT-1","0",7715,5885
"TTAGAATAAGGGTCGG-1","2",8793,4577
"TTAGACACGATCGTTG-1","3",3403,7399
"TTAGACGAGTCACCTC-1","0",7236,6986
"TTAGAGGGATATACAG-1","11",7476,1480
"TTAGAGTTTAGAAGGA-1","0",6996,7399
"TTAGCTAATACGATCT-1","1",4122,8225
"TTAGCTGATTTGCCGT-1","2",6038,7950
"TTAGTAAACCTGCTCT-1","8",8912,7950
"TTAGTAGGGCGGCGGG-1","3",5559,3269
"TTAGTTATTCGTGGCA-1","0",7116,7743
"TTAGTTCAAGTGTTCG-1","1",4122,9189
"TTATAGGTAATTGTCT-1","9",8793,6505
"TTATATACGCTGTCAC-1","0",6038,6573
"TTATATTTGGCAATCC-1","7",4601,5885
"TTATCCGGGATCTATA-1","0",7595,7468
"TTATCCTCAAGGAATA-1","11",7715,2719
"TTATCTGACATTAGGA-1","11",6996,2031
"TTATCTGTATCATAAC-1","6",4122,5610
"TTATGAATGAAAGGGA-1","0",6398,5816
"TTATGACAAACTGGAT-1","3",4721,3889
"TTATGATCTTAACGAA-1","0",6038,7124
"TTATTAGAGCGTGTTC-1","0",6996,6298
"TTCAAAGTCTCTAGCC-1","0",5679,6642
"TTCAATACTCTGAATC-1","0",6038,7399
"TTCACGAAAGGATCAC-1","1",6038,5197
"TTCACTCGAGCACCTA-1","0",8074,6229
"TTCAGCCCTGGTCCAC-1","0",7116,7330
"TTCAGCTGGCGTGCCC-1","2",8074,8019
"TTCAGGCGTCAAAGCC-1","5",6278,2581
"TTCATGGCGCAACAGG-1","3",3763,6642
"TTCCAATCAGAGCTAG-1","1",4242,8019
"TTCCAATCTGGCTATC-1","1",7236,4646
"TTCCACACAGATTTGA-1","6",7475,4646
"TTCCAGACGAGATTTA-1","2",6158,9120
"TTCCATCATGCGGTGA-1","3",3044,8294
"TTCCATCGACAGCGTG-1","8",8793,8845
"TTCCCGGCGCCAATAG-1","11",6996,2306
"TTCCGCAGAGAAATAT-1","7",4002,8432
"TTCCGCGTGAGGCGAT-1","0",6996,5885
"TTCCGGCCTTGAGGCT-1","10",7954,4508
"TTCCGGCTCGACTTCT-1","3",2924,9051
"TTCCGGTTACCCACTT-1","0",6877,7468
"TTCCTCGAGGGTGTCT-1","4",4002,4852
"TTCCTCGGACTAACCA-1","0",7475,7399
"TTCGACAGAGCCCGTG-1","0",7715,6160
"TTCGACGGGAAGGGCG-1","3",4362,4508
"TTCGCACTCGCGTGCT-1","3",4481,4577
"TTCGCACTGTACGACA-1","10",8793,5541
"TTCGCCGCTCGCGCTA-1","5",8314,2099
"TTCGCGCGCCATACGA-1","10",8553,4715
"TTCGCTATCTGACGTG-1","7",3882,8363
"TTCGGCAACCCGCTGA-1","3",3403,7537
"TTCGGGACTAATCGCG-1","0",5799,6436
"TTCGGGCGCTAGTCTT-1","4",8074,4027
"TTCGGTACTGTAGAGG-1","10",9511,5816
"TTCGTACTCCAGAACG-1","4",4960,3476
"TTCGTTCAACGAAGTT-1","1",4242,8707
"TTCTAACCGAAGCTTA-1","0",5559,7675
"TTCTAGAAAGTCTTAT-1","4",8673,4646
"TTCTAGGCCAATTGTG-1","4",4122,4508
"TTCTATTAAACGCAGC-1","4",9511,5266
"TTCTCTTACAGGTGAT-1","5",8913,2031
"TTCTGACCGGGCTCAA-1","0",7715,7262
"TTCTGCCGCGCCTAGA-1","0",7356,6229
"TTCTGCGGGTTAGCGG-1","0",6278,6986
"TTCTGCTAGACTCCAA-1","2",4840,8776
"TTCTTATCCGCTGGGT-1","2",7356,8432
"TTCTTGAGCCGCGCTA-1","6",7116,4302
"TTCTTGCTAGCATCTC-1","2",6278,9051
"TTCTTGGACGATCTGC-1","4",7715,3683
"TTCTTGGAGTAATGAG-1","6",4002,6917
"TTCTTTGGTCGCGACG-1","1",4361,8638
"TTGAAAGGTGTAAAGG-1","3",3044,8569
"TTGAACGACGTGCTGA-1","9",8673,7537
"TTGAAGAATTCCCAGG-1","7",5320,4921
"TTGAAGGATGGGCGCC-1","5",8913,2306
"TTGAATATGGACTTTC-1","0",5559,6711
"TTGAATCGTTGTATAA-1","11",7236,2168
"TTGAATTCACGTGAGG-1","0",6158,8156
"TTGACAGGAGCTCCCG-1","2",7116,8294
"TTGACATGAACGTGGA-1","6",6757,3682
"TTGACCAGGAACAACT-1","9",9152,6986
"TTGACCATGTTCTCCG-1","7",4362,6849
"TTGACCGTGTTAATGA-1","4",7475,3820
"TTGACGCTCCATGAGC-1","2",6397,8432
"TTGACTACCATATGGT-1","7",6637,4302
"TTGACTATTGTCCGGC-1","2",6996,8638
"TTGAGAAGTTTAGCAT-1","0",8074,7468
"TTGAGAGTACTGCTAA-1","7",6757,4095
"TTGATAGTCAATACAT-1","14",4721,9395
"TTGATCTAACTTTGTC-1","6",4960,4715
"TTGATGTGTAGTCCCG-1","1",4361,7674
"TTGATTAGCTGTTTCT-1","3",7236,3820
"TTGATTATGCAGATGA-1","4",4721,3751
"TTGCAAGAAGACTCCT-1","9",9871,6160
"TTGCACAATTCAGAAA-1","2",6637,5403
"TTGCACGGAGCAGCAC-1","3",4002,5541
"TTGCATGCTGATCACG-1","6",6398,3889
"TTGCCAAGCAGAACCC-1","12",6757,9326
"TTGCCATAGCCCGCTC-1","11",7955,3132
"TTGCCCTGATCACGGG-1","6",5799,3820
"TTGCCGCAGACCTACA-1","5",8913,2719
"TTGCCGCTTTCTAGTA-1","9",8912,6849
"TTGCCTTCTCGCCGGG-1","8",9631,8638
"TTGCGCTTGATCAATA-1","8",9751,8432
"TTGCGGCATCAGAAAG-1","4",7835,4577
"TTGCGTCGGCCAACCG-1","4",7595,4302
"TTGCGTGAACGCTTAG-1","3",3164,8087
"TTGCGTGTGTAGGCAT-1","9",9751,7193
"TTGCTCATAGTACGTG-1","8",9511,8845
"TTGCTCCCATACCGGA-1","6",4122,6436
"TTGCTGAAGGAACCAC-1","4",3763,5403
"TTGCTGATCATGTTCG-1","1",5439,5403
"TTGGAAGAATACAGTC-1","11",7475,3132
"TTGGACATGTGGCTTA-1","6",6398,3476
"TTGGACCATCTGGCAA-1","2",7595,8707
"TTGGACCTATAACAGT-1","0",8194,7399
"TTGGATATCGTCTACG-1","7",7236,5059
"TTGGCCTAGAATTTCG-1","3",3403,7124
"TTGGCTCAATATGTGT-1","8",9272,9258
"TTGGGAAGACGAGCCG-1","9",9631,5885
"TTGGGACACTGCCCGC-1","7",4841,6298
"TTGGGACGTAAGAGTT-1","2",7595,8982
"TTGGGCGGCGGTTGCC-1","1",5080,6711
"TTGGTCACACTCGTAA-1","7",7236,4784
"TTGGTTGCGGTGCGCG-1","11",7835,3063
"TTGTAAGGACCTAAGT-1","3",6996,3682
"TTGTAAGGCCAGTTGG-1","7",4721,7055
"TTGTAATCCGTACTCG-1","7",5679,5266
"TTGTACACCTCGAACA-1","11",7595,1549
"TTGTCACCGCGGTATC-1","11",7835,1824
"TTGTCGTTCAGTTACC-1","3",4122,5472
"TTGTGAACCTAATCCG-1","9",8194,7675
"TTGTGAGGCATGACGC-1","11",6637,2375
"TTGTGATCTGTTCAGT-1","8",9751,9120
"TTGTGCAGCCACGTCA-1","9",8673,6573
"TTGTGCGGAAGCGGAT-1","5",8673,1618
"TTGTGGCCCTGACAGT-1","4",3643,5610
"TTGTGGTAGGAGGGAT-1","5",7475,3407
"TTGTGGTGGTACTAAG-1","8",9032,8019
"TTGTGTATGCCACCAA-1","1",8194,5610
"TTGTGTTTCCCGAAAG-1","1",7595,5541
"TTGTTCAGTGTGCTAC-1","6",4362,5885
"TTGTTGTGTGTCAAGA-1","1",5200,6780
"TTGTTTCACATCCAGG-1","4",8434,4371
"TTGTTTCCATACAACT-1","4",6877,3338
